This is LuaHBTeX, Version 1.24.0 (TeX Live 2026)  (format=lualatex 2026.8.26)  1 SEP 2026 13:58
 restricted system commands enabled.
**Copyright.tex
(./Copyright.tex
LaTeX2e <2026-06-01>
L3 programming layer <2026-08-10>
Lua module: luaotfload 2024-12-03 v3.29 Lua based OpenType font support
Lua module: lualibs 2023-07-13 v2.76 ConTeXt Lua standard libraries.
Lua module: lualibs-extended 2023-07-13 v2.76 ConTeXt Lua libraries -- extended 
collection.
luaotfload | conf : Root cache directory is "/home/augustine/.texlive2026/texmf-
var/luatex-cache/generic/names".
luaotfload | init : Loading fontloader "fontloader-2023-12-28.lua" from kpse-res
olved path "/usr/local/texlive/2026/texmf-dist/tex/luatex/luaotfload/fontloader-
2023-12-28.lua".
Lua-only attribute luaotfload@noligature = 1
luaotfload | init : Context OpenType loader version 3.134
Inserting `luaotfload.node_processor' in `pre_linebreak_filter'.
Inserting `luaotfload.node_processor' in `hpack_filter'.
Inserting `luaotfload.glyph_stream' in `glyph_stream_provider'.
Inserting `luaotfload.define_font' in `define_font'.
Lua-only attribute luaotfload_color_attribute = 2
luaotfload | conf : Root cache directory is "/home/augustine/.texlive2026/texmf-
var/luatex-cache/generic/names".
Inserting `luaotfload.harf.strip_prefix' in `find_opentype_file'.
Inserting `luaotfload.harf.strip_prefix' in `find_truetype_file'.
Removing  `luaotfload.glyph_stream' from `glyph_stream_provider'.
Inserting `luaotfload.harf.glyphstream' in `glyph_stream_provider'.
Inserting `luaotfload.harf.finalize_vlist' in `post_linebreak_filter'.
Inserting `luaotfload.harf.finalize_hlist' in `hpack_filter'.
Inserting `luaotfload.cleanup_files' in `wrapup_run'.
Inserting `luaotfload.harf.finalize_unicode' in `finish_pdffile'.
Inserting `luaotfload.glyphinfo' in `glyph_info'.
Lua-only attribute luaotfload.letterspace_done = 3
Inserting `luaotfload.aux.set_sscale_dimens' in `luaotfload.patch_font'.
Inserting `luaotfload.aux.set_font_index' in `luaotfload.patch_font'.
Inserting `luaotfload.aux.patch_cambria_domh' in `luaotfload.patch_font'.
Inserting `luaotfload.aux.fixup_fontdata' in `luaotfload.patch_font_unsafe'.
Inserting `luaotfload.aux.set_capheight' in `luaotfload.patch_font'.
Inserting `luaotfload.aux.set_xheight' in `luaotfload.patch_font'.
Inserting `luaotfload.rewrite_fontname' in `luaotfload.patch_font'.
Inserting `tracingstacklevels' in `input_level_string'.
! Undefined control sequence.
l.2 \phantomsection
                   
The control sequence at the end of the top line
of your error message was never \def'ed. If you have
misspelled it (e.g., `\hobx'), type `I' and the correct
spelling (e.g., `I\hbox'). Otherwise just continue,
and I'll forget about whatever was undefined.

! Undefined control sequence.
l.4 \fancyhead
              [C]{{\Large Copyright}}
The control sequence at the end of the top line
of your error message was never \def'ed. If you have
misspelled it (e.g., `\hobx'), type `I' and the correct
spelling (e.g., `I\hbox'). Otherwise just continue,
and I'll forget about whatever was undefined.


! LaTeX Error: Missing \begin{document}.

See the LaTeX manual or LaTeX Companion for explanation.
Type  H <return>  for immediate help.
 ...                                              
                                                  
l.4 \fancyhead[
               C]{{\Large Copyright}}
You're in trouble here.  Try typing  <return>  to proceed.
If that doesn't work, type  X <return>  to quit.

! Undefined control sequence.
l.4 \fancyhead[C]{{\Large
                          Copyright}}
The control sequence at the end of the top line
of your error message was never \def'ed. If you have
misspelled it (e.g., `\hobx'), type `I' and the correct
spelling (e.g., `I\hbox'). Otherwise just continue,
and I'll forget about whatever was undefined.

LaTeX Font Info:    External font `cmex10' loaded for size
(Font)              <7> on input line 6.
LaTeX Font Info:    External font `cmex10' loaded for size
(Font)              <5> on input line 6.
! Undefined control sequence.
l.6 ... To view a copy of this license, visit \url
                                                  {https://creativecommons.o...
The control sequence at the end of the top line
of your error message was never \def'ed. If you have
misspelled it (e.g., `\hobx'), type `I' and the correct
spelling (e.g., `I\hbox'). Otherwise just continue,
and I'll forget about whatever was undefined.

Missing character: There is no [ (U+005B) in font nullfont!
Missing character: There is no C (U+0043) in font nullfont!
Missing character: There is no ] (U+005D) in font nullfont!
Missing character: There is no C (U+0043) in font nullfont!
Missing character: There is no o (U+006F) in font nullfont!
Missing character: There is no p (U+0070) in font nullfont!
Missing character: There is no y (U+0079) in font nullfont!
Missing character: There is no r (U+0072) in font nullfont!
Missing character: There is no i (U+0069) in font nullfont!
Missing character: There is no g (U+0067) in font nullfont!
Missing character: There is no h (U+0068) in font nullfont!
Missing character: There is no t (U+0074) in font nullfont!
Missing character: There is no [ (U+005B) in font nullfont!
Missing character: There is no C (U+0043) in font nullfont!
Missing character: There is no ] (U+005D) in font nullfont!
Missing character: There is no C (U+0043) in font nullfont!
Missing character: There is no o (U+006F) in font nullfont!
Missing character: There is no p (U+0070) in font nullfont!
Missing character: There is no y (U+0079) in font nullfont!
Missing character: There is no r (U+0072) in font nullfont!
Missing character: There is no i (U+0069) in font nullfont!
Missing character: There is no g (U+0067) in font nullfont!
Missing character: There is no h (U+0068) in font nullfont!
Missing character: There is no t (U+0074) in font nullfont!
Missing character: There is no T (U+0054) in font nullfont!
Missing character: There is no h (U+0068) in font nullfont!
Missing character: There is no e (U+0065) in font nullfont!
Missing character: There is no S (U+0053) in font nullfont!
Missing character: There is no a (U+0061) in font nullfont!
Missing character: There is no i (U+0069) in font nullfont!
Missing character: There is no n (U+006E) in font nullfont!
Missing character: There is no t (U+0074) in font nullfont!
Missing character: There is no B (U+0042) in font nullfont!
Missing character: There is no o (U+006F) in font nullfont!
Missing character: There is no t (U+0074) in font nullfont!
Missing character: There is no o (U+006F) in font nullfont!
Missing character: There is no l (U+006C) in font nullfont!
Missing character: There is no p (U+0070) in font nullfont!
Missing character: There is no h (U+0068) in font nullfont!
Missing character: There is no ' (U+0027) in font nullfont!
Missing character: There is no s (U+0073) in font nullfont!
Missing character: There is no B (U+0042) in font nullfont!
Missing character: There is no r (U+0072) in font nullfont!
Missing character: There is no e (U+0065) in font nullfont!
Missing character: There is no v (U+0076) in font nullfont!
Missing character: There is no i (U+0069) in font nullfont!
Missing character: There is no a (U+0061) in font nullfont!
Missing character: There is no r (U+0072) in font nullfont!
Missing character: There is no y (U+0079) in font nullfont!
Missing character: There is no ( (U+0028) in font nullfont!
Missing character: There is no 2 (U+0032) in font nullfont!
Missing character: There is no 0 (U+0030) in font nullfont!
Missing character: There is no 2 (U+0032) in font nullfont!
Missing character: There is no 6 (U+0036) in font nullfont!
Missing character: There is no A (U+0041) in font nullfont!
Missing character: There is no p (U+0070) in font nullfont!
Missing character: There is no o (U+006F) in font nullfont!
Missing character: There is no l (U+006C) in font nullfont!
Missing character: There is no o (U+006F) in font nullfont!
Missing character: There is no g (U+0067) in font nullfont!
Missing character: There is no i (U+0069) in font nullfont!
Missing character: There is no a (U+0061) in font nullfont!
Missing character: There is no A (U+0041) in font nullfont!
Missing character: There is no n (U+006E) in font nullfont!
Missing character: There is no g (U+0067) in font nullfont!
Missing character: There is no l (U+006C) in font nullfont!
Missing character: There is no i (U+0069) in font nullfont!
Missing character: There is no c (U+0063) in font nullfont!
Missing character: There is no a (U+0061) in font nullfont!
Missing character: There is no n (U+006E) in font nullfont!
Missing character: There is no a (U+0061) in font nullfont!
Missing character: There is no , (U+002C) in font nullfont!
Missing character: There is no L (U+004C) in font nullfont!
Missing character: There is no L (U+004C) in font nullfont!
Missing character: There is no C (U+0043) in font nullfont!
Missing character: There is no ) (U+0029) in font nullfont!
Missing character: There is no i (U+0069) in font nullfont!
Missing character: There is no s (U+0073) in font nullfont!
Missing character: There is no l (U+006C) in font nullfont!
Missing character: There is no i (U+0069) in font nullfont!
Missing character: There is no c (U+0063) in font nullfont!
Missing character: There is no e (U+0065) in font nullfont!
Missing character: There is no n (U+006E) in font nullfont!
Missing character: There is no s (U+0073) in font nullfont!
Missing character: There is no e (U+0065) in font nullfont!
Missing character: There is no d (U+0064) in font nullfont!
Missing character: There is no u (U+0075) in font nullfont!
Missing character: There is no n (U+006E) in font nullfont!
Missing character: There is no d (U+0064) in font nullfont!
Missing character: There is no e (U+0065) in font nullfont!
Missing character: There is no r (U+0072) in font nullfont!
Missing character: There is no C (U+0043) in font nullfont!
Missing character: There is no C (U+0043) in font nullfont!
Missing character: There is no B (U+0042) in font nullfont!
Missing character: There is no Y (U+0059) in font nullfont!
Missing character: There is no - (U+002D) in font nullfont!
Missing character: There is no - (U+002D) in font nullfont!
Missing character: There is no - (U+002D) in font nullfont!
Missing character: There is no S (U+0053) in font nullfont!
Missing character: There is no A (U+0041) in font nullfont!
Missing character: There is no 4 (U+0034) in font nullfont!
Missing character: There is no . (U+002E) in font nullfont!
Missing character: There is no 0 (U+0030) in font nullfont!
Missing character: There is no . (U+002E) in font nullfont!
Missing character: There is no T (U+0054) in font nullfont!
Missing character: There is no o (U+006F) in font nullfont!
Missing character: There is no v (U+0076) in font nullfont!
Missing character: There is no i (U+0069) in font nullfont!
Missing character: There is no e (U+0065) in font nullfont!
Missing character: There is no w (U+0077) in font nullfont!
Missing character: There is no a (U+0061) in font nullfont!
Missing character: There is no c (U+0063) in font nullfont!
Missing character: There is no o (U+006F) in font nullfont!
Missing character: There is no p (U+0070) in font nullfont!
Missing character: There is no y (U+0079) in font nullfont!
Missing character: There is no o (U+006F) in font nullfont!
Missing character: There is no f (U+0066) in font nullfont!
Missing character: There is no t (U+0074) in font nullfont!
Missing character: There is no h (U+0068) in font nullfont!
Missing character: There is no i (U+0069) in font nullfont!
Missing character: There is no s (U+0073) in font nullfont!
Missing character: There is no l (U+006C) in font nullfont!
Missing character: There is no i (U+0069) in font nullfont!
Missing character: There is no c (U+0063) in font nullfont!
Missing character: There is no e (U+0065) in font nullfont!
Missing character: There is no n (U+006E) in font nullfont!
Missing character: There is no s (U+0073) in font nullfont!
Missing character: There is no e (U+0065) in font nullfont!
Missing character: There is no , (U+002C) in font nullfont!
Missing character: There is no v (U+0076) in font nullfont!
Missing character: There is no i (U+0069) in font nullfont!
Missing character: There is no s (U+0073) in font nullfont!
Missing character: There is no i (U+0069) in font nullfont!
Missing character: There is no t (U+0074) in font nullfont!
Missing character: There is no h (U+0068) in font nullfont!
Missing character: There is no t (U+0074) in font nullfont!
Missing character: There is no t (U+0074) in font nullfont!
Missing character: There is no p (U+0070) in font nullfont!
Missing character: There is no s (U+0073) in font nullfont!
Missing character: There is no : (U+003A) in font nullfont!
Missing character: There is no / (U+002F) in font nullfont!
Missing character: There is no / (U+002F) in font nullfont!
Missing character: There is no c (U+0063) in font nullfont!
Missing character: There is no r (U+0072) in font nullfont!
Missing character: There is no e (U+0065) in font nullfont!
Missing character: There is no a (U+0061) in font nullfont!
Missing character: There is no t (U+0074) in font nullfont!
Missing character: There is no i (U+0069) in font nullfont!
Missing character: There is no v (U+0076) in font nullfont!
Missing character: There is no e (U+0065) in font nullfont!
Missing character: There is no c (U+0063) in font nullfont!
Missing character: There is no o (U+006F) in font nullfont!
Missing character: There is no m (U+006D) in font nullfont!
Missing character: There is no m (U+006D) in font nullfont!
Missing character: There is no o (U+006F) in font nullfont!
Missing character: There is no n (U+006E) in font nullfont!
Missing character: There is no s (U+0073) in font nullfont!
Missing character: There is no . (U+002E) in font nullfont!
Missing character: There is no o (U+006F) in font nullfont!
Missing character: There is no r (U+0072) in font nullfont!
Missing character: There is no g (U+0067) in font nullfont!
Missing character: There is no / (U+002F) in font nullfont!
Missing character: There is no l (U+006C) in font nullfont!
Missing character: There is no i (U+0069) in font nullfont!
Missing character: There is no c (U+0063) in font nullfont!
Missing character: There is no e (U+0065) in font nullfont!
Missing character: There is no n (U+006E) in font nullfont!
Missing character: There is no s (U+0073) in font nullfont!
Missing character: There is no e (U+0065) in font nullfont!
Missing character: There is no s (U+0073) in font nullfont!
Missing character: There is no / (U+002F) in font nullfont!
Missing character: There is no b (U+0062) in font nullfont!
Missing character: There is no y (U+0079) in font nullfont!
Missing character: There is no - (U+002D) in font nullfont!
Missing character: There is no - (U+002D) in font nullfont!
Missing character: There is no - (U+002D) in font nullfont!
Missing character: There is no s (U+0073) in font nullfont!
Missing character: There is no a (U+0061) in font nullfont!
Missing character: There is no / (U+002F) in font nullfont!
Missing character: There is no 4 (U+0034) in font nullfont!
Missing character: There is no . (U+002E) in font nullfont!
Missing character: There is no 0 (U+0030) in font nullfont!
Missing character: There is no / (U+002F) in font nullfont!
Missing character: There is no [ (U+005B) in font nullfont!
Missing character: There is no C (U+0043) in font nullfont!
Missing character: There is no ] (U+005D) in font nullfont!
Missing character: There is no C (U+0043) in font nullfont!
Missing character: There is no o (U+006F) in font nullfont!
Missing character: There is no p (U+0070) in font nullfont!
Missing character: There is no y (U+0079) in font nullfont!
Missing character: There is no r (U+0072) in font nullfont!
Missing character: There is no i (U+0069) in font nullfont!
Missing character: There is no g (U+0067) in font nullfont!
Missing character: There is no h (U+0068) in font nullfont!
Missing character: There is no t (U+0074) in font nullfont!

Overfull \hbox (20.0pt too wide) in paragraph at lines 4--7
[][C]Copyright
 []

Missing character: There is no T (U+0054) in font nullfont!
Missing character: There is no h (U+0068) in font nullfont!
Missing character: There is no e (U+0065) in font nullfont!
Missing character: There is no S (U+0053) in font nullfont!
Missing character: There is no a (U+0061) in font nullfont!
Missing character: There is no i (U+0069) in font nullfont!
Missing character: There is no n (U+006E) in font nullfont!
Missing character: There is no t (U+0074) in font nullfont!
Missing character: There is no B (U+0042) in font nullfont!
Missing character: There is no o (U+006F) in font nullfont!
Missing character: There is no t (U+0074) in font nullfont!
Missing character: There is no o (U+006F) in font nullfont!
Missing character: There is no l (U+006C) in font nullfont!
Missing character: There is no p (U+0070) in font nullfont!
Missing character: There is no h (U+0068) in font nullfont!
Missing character: There is no ' (U+0027) in font nullfont!
Missing character: There is no s (U+0073) in font nullfont!
Missing character: There is no B (U+0042) in font nullfont!
Missing character: There is no r (U+0072) in font nullfont!
Missing character: There is no e (U+0065) in font nullfont!
Missing character: There is no v (U+0076) in font nullfont!
Missing character: There is no i (U+0069) in font nullfont!
Missing character: There is no a (U+0061) in font nullfont!
Missing character: There is no r (U+0072) in font nullfont!
Missing character: There is no y (U+0079) in font nullfont!
Missing character: There is no ( (U+0028) in font nullfont!

Overfull \hbox (6.83298pt too wide) in paragraph at lines 4--7
($[]$
 []

Missing character: There is no 2 (U+0032) in font nullfont!
Missing character: There is no 0 (U+0030) in font nullfont!
Missing character: There is no 2 (U+0032) in font nullfont!
Missing character: There is no 6 (U+0036) in font nullfont!
Missing character: There is no A (U+0041) in font nullfont!
Missing character: There is no p (U+0070) in font nullfont!
Missing character: There is no o (U+006F) in font nullfont!
Missing character: There is no l (U+006C) in font nullfont!
Missing character: There is no o (U+006F) in font nullfont!
Missing character: There is no g (U+0067) in font nullfont!
Missing character: There is no i (U+0069) in font nullfont!
Missing character: There is no a (U+0061) in font nullfont!
Missing character: There is no A (U+0041) in font nullfont!
Missing character: There is no n (U+006E) in font nullfont!
Missing character: There is no g (U+0067) in font nullfont!
Missing character: There is no l (U+006C) in font nullfont!
Missing character: There is no i (U+0069) in font nullfont!
Missing character: There is no c (U+0063) in font nullfont!
Missing character: There is no a (U+0061) in font nullfont!
Missing character: There is no n (U+006E) in font nullfont!
Missing character: There is no a (U+0061) in font nullfont!
Missing character: There is no , (U+002C) in font nullfont!
Missing character: There is no L (U+004C) in font nullfont!
Missing character: There is no L (U+004C) in font nullfont!
Missing character: There is no C (U+0043) in font nullfont!
Missing character: There is no ) (U+0029) in font nullfont!
Missing character: There is no i (U+0069) in font nullfont!
Missing character: There is no s (U+0073) in font nullfont!
Missing character: There is no l (U+006C) in font nullfont!
Missing character: There is no i (U+0069) in font nullfont!
Missing character: There is no c (U+0063) in font nullfont!
Missing character: There is no e (U+0065) in font nullfont!
Missing character: There is no n (U+006E) in font nullfont!
Missing character: There is no s (U+0073) in font nullfont!
Missing character: There is no e (U+0065) in font nullfont!
Missing character: There is no d (U+0064) in font nullfont!
Missing character: There is no u (U+0075) in font nullfont!
Missing character: There is no n (U+006E) in font nullfont!
Missing character: There is no d (U+0064) in font nullfont!
Missing character: There is no e (U+0065) in font nullfont!
Missing character: There is no r (U+0072) in font nullfont!
Missing character: There is no C (U+0043) in font nullfont!
Missing character: There is no C (U+0043) in font nullfont!
Missing character: There is no B (U+0042) in font nullfont!
Missing character: There is no Y (U+0059) in font nullfont!
Missing character: There is no - (U+002D) in font nullfont!
Missing character: There is no S (U+0053) in font nullfont!
Missing character: There is no A (U+0041) in font nullfont!
Missing character: There is no 4 (U+0034) in font nullfont!
Missing character: There is no . (U+002E) in font nullfont!
Missing character: There is no 0 (U+0030) in font nullfont!
Missing character: There is no . (U+002E) in font nullfont!
Missing character: There is no T (U+0054) in font nullfont!
Missing character: There is no o (U+006F) in font nullfont!
Missing character: There is no v (U+0076) in font nullfont!
Missing character: There is no i (U+0069) in font nullfont!
Missing character: There is no e (U+0065) in font nullfont!
Missing character: There is no w (U+0077) in font nullfont!
Missing character: There is no a (U+0061) in font nullfont!
Missing character: There is no c (U+0063) in font nullfont!
Missing character: There is no o (U+006F) in font nullfont!
Missing character: There is no p (U+0070) in font nullfont!
Missing character: There is no y (U+0079) in font nullfont!
Missing character: There is no o (U+006F) in font nullfont!
Missing character: There is no f (U+0066) in font nullfont!
Missing character: There is no t (U+0074) in font nullfont!
Missing character: There is no h (U+0068) in font nullfont!
Missing character: There is no i (U+0069) in font nullfont!
Missing character: There is no s (U+0073) in font nullfont!
Missing character: There is no l (U+006C) in font nullfont!
Missing character: There is no i (U+0069) in font nullfont!
Missing character: There is no c (U+0063) in font nullfont!
Missing character: There is no e (U+0065) in font nullfont!
Missing character: There is no n (U+006E) in font nullfont!
Missing character: There is no s (U+0073) in font nullfont!
Missing character: There is no e (U+0065) in font nullfont!
Missing character: There is no , (U+002C) in font nullfont!
Missing character: There is no v (U+0076) in font nullfont!
Missing character: There is no i (U+0069) in font nullfont!
Missing character: There is no s (U+0073) in font nullfont!
Missing character: There is no i (U+0069) in font nullfont!
Missing character: There is no t (U+0074) in font nullfont!
Missing character: There is no h (U+0068) in font nullfont!
Missing character: There is no t (U+0074) in font nullfont!
Missing character: There is no t (U+0074) in font nullfont!
Missing character: There is no p (U+0070) in font nullfont!
Missing character: There is no s (U+0073) in font nullfont!
Missing character: There is no : (U+003A) in font nullfont!
Missing character: There is no / (U+002F) in font nullfont!
Missing character: There is no / (U+002F) in font nullfont!
Missing character: There is no c (U+0063) in font nullfont!
Missing character: There is no r (U+0072) in font nullfont!
Missing character: There is no e (U+0065) in font nullfont!
Missing character: There is no a (U+0061) in font nullfont!
Missing character: There is no t (U+0074) in font nullfont!
Missing character: There is no i (U+0069) in font nullfont!
Missing character: There is no v (U+0076) in font nullfont!
Missing character: There is no e (U+0065) in font nullfont!
Missing character: There is no c (U+0063) in font nullfont!
Missing character: There is no o (U+006F) in font nullfont!
Missing character: There is no m (U+006D) in font nullfont!
Missing character: There is no m (U+006D) in font nullfont!
Missing character: There is no o (U+006F) in font nullfont!
Missing character: There is no n (U+006E) in font nullfont!
Missing character: There is no s (U+0073) in font nullfont!
Missing character: There is no . (U+002E) in font nullfont!
Missing character: There is no o (U+006F) in font nullfont!
Missing character: There is no r (U+0072) in font nullfont!
Missing character: There is no g (U+0067) in font nullfont!
Missing character: There is no / (U+002F) in font nullfont!
Missing character: There is no l (U+006C) in font nullfont!
Missing character: There is no i (U+0069) in font nullfont!
Missing character: There is no c (U+0063) in font nullfont!
Missing character: There is no e (U+0065) in font nullfont!
Missing character: There is no n (U+006E) in font nullfont!
Missing character: There is no s (U+0073) in font nullfont!
Missing character: There is no e (U+0065) in font nullfont!
Missing character: There is no s (U+0073) in font nullfont!
Missing character: There is no / (U+002F) in font nullfont!
Missing character: There is no b (U+0062) in font nullfont!
Missing character: There is no y (U+0079) in font nullfont!
Missing character: There is no - (U+002D) in font nullfont!
Missing character: There is no s (U+0073) in font nullfont!
Missing character: There is no a (U+0061) in font nullfont!
Missing character: There is no / (U+002F) in font nullfont!
Missing character: There is no 4 (U+0034) in font nullfont!
Missing character: There is no . (U+002E) in font nullfont!
Missing character: There is no 0 (U+0030) in font nullfont!
Missing character: There is no / (U+002F) in font nullfont!

! LaTeX Error: Missing \begin{document}.

See the LaTeX manual or LaTeX Companion for explanation.
Type  H <return>  for immediate help.
 ...                                              
                                                  
l.7 \par\noindent
                 
You're in trouble here.  Try typing  <return>  to proceed.
If that doesn't work, type  X <return>  to quit.


! LaTeX Error: Missing \begin{document}.

See the LaTeX manual or LaTeX Companion for explanation.
Type  H <return>  for immediate help.
 ...                                              
                                                  
l.9 I
     SBN: 978-1-969461-13-2\\
You're in trouble here.  Try typing  <return>  to proceed.
If that doesn't work, type  X <return>  to quit.

Missing character: There is no I (U+0049) in font nullfont!
Missing character: There is no S (U+0053) in font nullfont!
Missing character: There is no B (U+0042) in font nullfont!
Missing character: There is no N (U+004E) in font nullfont!
Missing character: There is no : (U+003A) in font nullfont!
Missing character: There is no I (U+0049) in font nullfont!
Missing character: There is no S (U+0053) in font nullfont!
Missing character: There is no B (U+0042) in font nullfont!
Missing character: There is no N (U+004E) in font nullfont!
Missing character: There is no : (U+003A) in font nullfont!
Missing character: There is no 9 (U+0039) in font nullfont!
Missing character: There is no 7 (U+0037) in font nullfont!
Missing character: There is no 8 (U+0038) in font nullfont!
Missing character: There is no - (U+002D) in font nullfont!
Missing character: There is no - (U+002D) in font nullfont!
Missing character: There is no - (U+002D) in font nullfont!
Missing character: There is no 1 (U+0031) in font nullfont!
Missing character: There is no - (U+002D) in font nullfont!
Missing character: There is no - (U+002D) in font nullfont!
Missing character: There is no - (U+002D) in font nullfont!
Missing character: There is no 9 (U+0039) in font nullfont!
Missing character: There is no 6 (U+0036) in font nullfont!
Missing character: There is no 9 (U+0039) in font nullfont!
Missing character: There is no 4 (U+0034) in font nullfont!
Missing character: There is no 6 (U+0036) in font nullfont!
Missing character: There is no 1 (U+0031) in font nullfont!
Missing character: There is no - (U+002D) in font nullfont!
Missing character: There is no - (U+002D) in font nullfont!
Missing character: There is no - (U+002D) in font nullfont!
Missing character: There is no 1 (U+0031) in font nullfont!
Missing character: There is no 3 (U+0033) in font nullfont!
Missing character: There is no - (U+002D) in font nullfont!
Missing character: There is no - (U+002D) in font nullfont!
Missing character: There is no - (U+002D) in font nullfont!
Missing character: There is no 2 (U+0032) in font nullfont!
Missing character: There is no I (U+0049) in font nullfont!
Missing character: There is no S (U+0053) in font nullfont!
Missing character: There is no B (U+0042) in font nullfont!
Missing character: There is no N (U+004E) in font nullfont!
Missing character: There is no : (U+003A) in font nullfont!

Overfull \hbox (20.0pt too wide) in paragraph at lines 9--10
[]ISBN:
 []

Missing character: There is no 9 (U+0039) in font nullfont!
Missing character: There is no 7 (U+0037) in font nullfont!
Missing character: There is no 8 (U+0038) in font nullfont!
Missing character: There is no - (U+002D) in font nullfont!
Missing character: There is no 1 (U+0031) in font nullfont!
Missing character: There is no - (U+002D) in font nullfont!
Missing character: There is no 9 (U+0039) in font nullfont!
Missing character: There is no 6 (U+0036) in font nullfont!
Missing character: There is no 9 (U+0039) in font nullfont!
Missing character: There is no 4 (U+0034) in font nullfont!
Missing character: There is no 6 (U+0036) in font nullfont!
Missing character: There is no 1 (U+0031) in font nullfont!
Missing character: There is no - (U+002D) in font nullfont!
Missing character: There is no 1 (U+0031) in font nullfont!
Missing character: There is no 3 (U+0033) in font nullfont!
Missing character: There is no - (U+002D) in font nullfont!
Missing character: There is no 2 (U+0032) in font nullfont!

! LaTeX Error: Missing \begin{document}.

See the LaTeX manual or LaTeX Companion for explanation.
Type  H <return>  for immediate help.
 ...                                              
                                                  
l.11 L
      ibrary of Congress Control Number: TBA\\
You're in trouble here.  Try typing  <return>  to proceed.
If that doesn't work, type  X <return>  to quit.

Missing character: There is no L (U+004C) in font nullfont!
Missing character: There is no i (U+0069) in font nullfont!
Missing character: There is no b (U+0062) in font nullfont!
Missing character: There is no r (U+0072) in font nullfont!
Missing character: There is no a (U+0061) in font nullfont!
Missing character: There is no r (U+0072) in font nullfont!
Missing character: There is no y (U+0079) in font nullfont!
Missing character: There is no L (U+004C) in font nullfont!
Missing character: There is no i (U+0069) in font nullfont!
Missing character: There is no b (U+0062) in font nullfont!
Missing character: There is no r (U+0072) in font nullfont!
Missing character: There is no a (U+0061) in font nullfont!
Missing character: There is no r (U+0072) in font nullfont!
Missing character: There is no y (U+0079) in font nullfont!
Missing character: There is no o (U+006F) in font nullfont!
Missing character: There is no f (U+0066) in font nullfont!
Missing character: There is no C (U+0043) in font nullfont!
Missing character: There is no o (U+006F) in font nullfont!
Missing character: There is no n (U+006E) in font nullfont!
Missing character: There is no g (U+0067) in font nullfont!
Missing character: There is no r (U+0072) in font nullfont!
Missing character: There is no e (U+0065) in font nullfont!
Missing character: There is no s (U+0073) in font nullfont!
Missing character: There is no s (U+0073) in font nullfont!
Missing character: There is no C (U+0043) in font nullfont!
Missing character: There is no o (U+006F) in font nullfont!
Missing character: There is no n (U+006E) in font nullfont!
Missing character: There is no t (U+0074) in font nullfont!
Missing character: There is no r (U+0072) in font nullfont!
Missing character: There is no o (U+006F) in font nullfont!
Missing character: There is no l (U+006C) in font nullfont!
Missing character: There is no N (U+004E) in font nullfont!
Missing character: There is no u (U+0075) in font nullfont!
Missing character: There is no m (U+006D) in font nullfont!
Missing character: There is no b (U+0062) in font nullfont!
Missing character: There is no e (U+0065) in font nullfont!
Missing character: There is no r (U+0072) in font nullfont!
Missing character: There is no : (U+003A) in font nullfont!
Missing character: There is no T (U+0054) in font nullfont!
Missing character: There is no B (U+0042) in font nullfont!
Missing character: There is no A (U+0041) in font nullfont!
Missing character: There is no L (U+004C) in font nullfont!
Missing character: There is no i (U+0069) in font nullfont!
Missing character: There is no b (U+0062) in font nullfont!
Missing character: There is no r (U+0072) in font nullfont!
Missing character: There is no a (U+0061) in font nullfont!
Missing character: There is no r (U+0072) in font nullfont!
Missing character: There is no y (U+0079) in font nullfont!

Overfull \hbox (20.0pt too wide) in paragraph at lines 11--12
[]Library
 []

Missing character: There is no o (U+006F) in font nullfont!
Missing character: There is no f (U+0066) in font nullfont!
Missing character: There is no C (U+0043) in font nullfont!
Missing character: There is no o (U+006F) in font nullfont!
Missing character: There is no n (U+006E) in font nullfont!
Missing character: There is no g (U+0067) in font nullfont!
Missing character: There is no r (U+0072) in font nullfont!
Missing character: There is no e (U+0065) in font nullfont!
Missing character: There is no s (U+0073) in font nullfont!
Missing character: There is no s (U+0073) in font nullfont!
Missing character: There is no C (U+0043) in font nullfont!
Missing character: There is no o (U+006F) in font nullfont!
Missing character: There is no n (U+006E) in font nullfont!
Missing character: There is no t (U+0074) in font nullfont!
Missing character: There is no r (U+0072) in font nullfont!
Missing character: There is no o (U+006F) in font nullfont!
Missing character: There is no l (U+006C) in font nullfont!
Missing character: There is no N (U+004E) in font nullfont!
Missing character: There is no u (U+0075) in font nullfont!
Missing character: There is no m (U+006D) in font nullfont!
Missing character: There is no b (U+0062) in font nullfont!
Missing character: There is no e (U+0065) in font nullfont!
Missing character: There is no r (U+0072) in font nullfont!
Missing character: There is no : (U+003A) in font nullfont!
Missing character: There is no T (U+0054) in font nullfont!
Missing character: There is no B (U+0042) in font nullfont!
Missing character: There is no A (U+0041) in font nullfont!

! LaTeX Error: Missing \begin{document}.

See the LaTeX manual or LaTeX Companion for explanation.
Type  H <return>  for immediate help.
 ...                                              
                                                  
l.13 M
      r. J. P. Augustine Watson, M.St., \textit{Chief Editor}
You're in trouble here.  Try typing  <return>  to proceed.
If that doesn't work, type  X <return>  to quit.

luaotfload | db : Font names database loaded from /home/augustine/.texlive2026/t
exmf-var/luatex-cache/generic/names/luaotfload-names.luc.gz
Missing character: There is no M (U+004D) in font nullfont!
Missing character: There is no r (U+0072) in font nullfont!
Missing character: There is no . (U+002E) in font nullfont!
Missing character: There is no M (U+004D) in font nullfont!
Missing character: There is no r (U+0072) in font nullfont!
Missing character: There is no . (U+002E) in font nullfont!
Missing character: There is no J (U+004A) in font nullfont!
Missing character: There is no . (U+002E) in font nullfont!
Missing character: There is no P (U+0050) in font nullfont!
Missing character: There is no . (U+002E) in font nullfont!
Missing character: There is no A (U+0041) in font nullfont!
Missing character: There is no u (U+0075) in font nullfont!
Missing character: There is no g (U+0067) in font nullfont!
Missing character: There is no u (U+0075) in font nullfont!
Missing character: There is no s (U+0073) in font nullfont!
Missing character: There is no t (U+0074) in font nullfont!
Missing character: There is no i (U+0069) in font nullfont!
Missing character: There is no n (U+006E) in font nullfont!
Missing character: There is no e (U+0065) in font nullfont!
Missing character: There is no W (U+0057) in font nullfont!
Missing character: There is no a (U+0061) in font nullfont!
Missing character: There is no t (U+0074) in font nullfont!
Missing character: There is no s (U+0073) in font nullfont!
Missing character: There is no o (U+006F) in font nullfont!
Missing character: There is no n (U+006E) in font nullfont!
Missing character: There is no , (U+002C) in font nullfont!
Missing character: There is no M (U+004D) in font nullfont!
Missing character: There is no . (U+002E) in font nullfont!
Missing character: There is no S (U+0053) in font nullfont!
Missing character: There is no t (U+0074) in font nullfont!
Missing character: There is no . (U+002E) in font nullfont!
Missing character: There is no , (U+002C) in font nullfont!
Missing character: There is no M (U+004D) in font nullfont!
Missing character: There is no r (U+0072) in font nullfont!
Missing character: There is no . (U+002E) in font nullfont!

Overfull \hbox (20.0pt too wide) in paragraph at lines 13--14
[]Mr.
 []

Missing character: There is no J (U+004A) in font nullfont!
Missing character: There is no . (U+002E) in font nullfont!
Missing character: There is no P (U+0050) in font nullfont!
Missing character: There is no . (U+002E) in font nullfont!
Missing character: There is no A (U+0041) in font nullfont!
Missing character: There is no u (U+0075) in font nullfont!
Missing character: There is no g (U+0067) in font nullfont!
Missing character: There is no u (U+0075) in font nullfont!
Missing character: There is no s (U+0073) in font nullfont!
Missing character: There is no t (U+0074) in font nullfont!
Missing character: There is no i (U+0069) in font nullfont!
Missing character: There is no n (U+006E) in font nullfont!
Missing character: There is no e (U+0065) in font nullfont!
Missing character: There is no W (U+0057) in font nullfont!
Missing character: There is no a (U+0061) in font nullfont!
Missing character: There is no t (U+0074) in font nullfont!
Missing character: There is no s (U+0073) in font nullfont!
Missing character: There is no o (U+006F) in font nullfont!
Missing character: There is no n (U+006E) in font nullfont!
Missing character: There is no , (U+002C) in font nullfont!
Missing character: There is no M (U+004D) in font nullfont!
Missing character: There is no . (U+002E) in font nullfont!
Missing character: There is no S (U+0053) in font nullfont!
Missing character: There is no t (U+0074) in font nullfont!
Missing character: There is no . (U+002E) in font nullfont!
Missing character: There is no , (U+002C) in font nullfont!

Overfull \hbox (23.01003pt too wide) in paragraph at lines 13--14
\TU/lmr/m/it/10 Chief
 []


Overfull \hbox (15.47pt too wide) in paragraph at lines 13--14
\TU/lmr/m/it/10 Ed-
 []


Overfull \hbox (6.65001pt too wide) in paragraph at lines 13--14
\TU/lmr/m/it/10 i-
 []


Overfull \hbox (13.52pt too wide) in paragraph at lines 13--14
\TU/lmr/m/it/10 tor 
 []


! LaTeX Error: Missing \begin{document}.

See the LaTeX manual or LaTeX Companion for explanation.
Type  H <return>  for immediate help.
 ...                                              
                                                  
l.15 M
      r. Ryan May, \textit{Editor}\\
You're in trouble here.  Try typing  <return>  to proceed.
If that doesn't work, type  X <return>  to quit.

Missing character: There is no M (U+004D) in font nullfont!
Missing character: There is no r (U+0072) in font nullfont!
Missing character: There is no . (U+002E) in font nullfont!
Missing character: There is no M (U+004D) in font nullfont!
Missing character: There is no r (U+0072) in font nullfont!
Missing character: There is no . (U+002E) in font nullfont!
Missing character: There is no R (U+0052) in font nullfont!
Missing character: There is no y (U+0079) in font nullfont!
Missing character: There is no a (U+0061) in font nullfont!
Missing character: There is no n (U+006E) in font nullfont!
Missing character: There is no M (U+004D) in font nullfont!
Missing character: There is no a (U+0061) in font nullfont!
Missing character: There is no y (U+0079) in font nullfont!
Missing character: There is no , (U+002C) in font nullfont!
Missing character: There is no M (U+004D) in font nullfont!
Missing character: There is no r (U+0072) in font nullfont!
Missing character: There is no . (U+002E) in font nullfont!

Overfull \hbox (20.0pt too wide) in paragraph at lines 15--16
[]Mr.
 []

Missing character: There is no R (U+0052) in font nullfont!
Missing character: There is no y (U+0079) in font nullfont!
Missing character: There is no a (U+0061) in font nullfont!
Missing character: There is no n (U+006E) in font nullfont!
Missing character: There is no M (U+004D) in font nullfont!
Missing character: There is no a (U+0061) in font nullfont!
Missing character: There is no y (U+0079) in font nullfont!
Missing character: There is no , (U+002C) in font nullfont!

Overfull \hbox (15.47pt too wide) in paragraph at lines 15--16
\TU/lmr/m/it/10 Ed-
 []


Overfull \hbox (6.65001pt too wide) in paragraph at lines 15--16
\TU/lmr/m/it/10 i-
 []


Overfull \hbox (13.52pt too wide) in paragraph at lines 15--16
\TU/lmr/m/it/10 tor 
 []


! LaTeX Error: Missing \begin{document}.

See the LaTeX manual or LaTeX Companion for explanation.
Type  H <return>  for immediate help.
 ...                                              
                                                  
l.17 W
      e are thankful to have such great giants upon whose shoulders we stand...
You're in trouble here.  Try typing  <return>  to proceed.
If that doesn't work, type  X <return>  to quit.

Missing character: There is no W (U+0057) in font nullfont!
Missing character: There is no e (U+0065) in font nullfont!
Missing character: There is no W (U+0057) in font nullfont!
Missing character: There is no e (U+0065) in font nullfont!
Missing character: There is no a (U+0061) in font nullfont!
Missing character: There is no r (U+0072) in font nullfont!
Missing character: There is no e (U+0065) in font nullfont!
Missing character: There is no t (U+0074) in font nullfont!
Missing character: There is no h (U+0068) in font nullfont!
Missing character: There is no a (U+0061) in font nullfont!
Missing character: There is no n (U+006E) in font nullfont!
Missing character: There is no k (U+006B) in font nullfont!
Missing character: There is no f (U+0066) in font nullfont!
Missing character: There is no u (U+0075) in font nullfont!
Missing character: There is no l (U+006C) in font nullfont!
Missing character: There is no t (U+0074) in font nullfont!
Missing character: There is no o (U+006F) in font nullfont!
Missing character: There is no h (U+0068) in font nullfont!
Missing character: There is no a (U+0061) in font nullfont!
Missing character: There is no v (U+0076) in font nullfont!
Missing character: There is no e (U+0065) in font nullfont!
Missing character: There is no s (U+0073) in font nullfont!
Missing character: There is no u (U+0075) in font nullfont!
Missing character: There is no c (U+0063) in font nullfont!
Missing character: There is no h (U+0068) in font nullfont!
Missing character: There is no g (U+0067) in font nullfont!
Missing character: There is no r (U+0072) in font nullfont!
Missing character: There is no e (U+0065) in font nullfont!
Missing character: There is no a (U+0061) in font nullfont!
Missing character: There is no t (U+0074) in font nullfont!
Missing character: There is no g (U+0067) in font nullfont!
Missing character: There is no i (U+0069) in font nullfont!
Missing character: There is no a (U+0061) in font nullfont!
Missing character: There is no n (U+006E) in font nullfont!
Missing character: There is no t (U+0074) in font nullfont!
Missing character: There is no s (U+0073) in font nullfont!
Missing character: There is no u (U+0075) in font nullfont!
Missing character: There is no p (U+0070) in font nullfont!
Missing character: There is no o (U+006F) in font nullfont!
Missing character: There is no n (U+006E) in font nullfont!
Missing character: There is no w (U+0077) in font nullfont!
Missing character: There is no h (U+0068) in font nullfont!
Missing character: There is no o (U+006F) in font nullfont!
Missing character: There is no s (U+0073) in font nullfont!
Missing character: There is no e (U+0065) in font nullfont!
Missing character: There is no s (U+0073) in font nullfont!
Missing character: There is no h (U+0068) in font nullfont!
Missing character: There is no o (U+006F) in font nullfont!
Missing character: There is no u (U+0075) in font nullfont!
Missing character: There is no l (U+006C) in font nullfont!
Missing character: There is no d (U+0064) in font nullfont!
Missing character: There is no e (U+0065) in font nullfont!
Missing character: There is no r (U+0072) in font nullfont!
Missing character: There is no s (U+0073) in font nullfont!
Missing character: There is no w (U+0077) in font nullfont!
Missing character: There is no e (U+0065) in font nullfont!
Missing character: There is no s (U+0073) in font nullfont!
Missing character: There is no t (U+0074) in font nullfont!
Missing character: There is no a (U+0061) in font nullfont!
Missing character: There is no n (U+006E) in font nullfont!
Missing character: There is no d (U+0064) in font nullfont!
Missing character: There is no . (U+002E) in font nullfont!
Missing character: There is no T (U+0054) in font nullfont!
Missing character: There is no h (U+0068) in font nullfont!
Missing character: There is no e (U+0065) in font nullfont!
Missing character: There is no s (U+0073) in font nullfont!
Missing character: There is no e (U+0065) in font nullfont!
Missing character: There is no w (U+0077) in font nullfont!
Missing character: There is no o (U+006F) in font nullfont!
Missing character: There is no r (U+0072) in font nullfont!
Missing character: There is no k (U+006B) in font nullfont!
Missing character: There is no s (U+0073) in font nullfont!
Missing character: There is no a (U+0061) in font nullfont!
Missing character: There is no r (U+0072) in font nullfont!
Missing character: There is no e (U+0065) in font nullfont!
Missing character: There is no u (U+0075) in font nullfont!
Missing character: There is no s (U+0073) in font nullfont!
Missing character: There is no e (U+0065) in font nullfont!
Missing character: There is no d (U+0064) in font nullfont!
Missing character: There is no i (U+0069) in font nullfont!
Missing character: There is no n (U+006E) in font nullfont!
Missing character: There is no t (U+0074) in font nullfont!
Missing character: There is no h (U+0068) in font nullfont!
Missing character: There is no i (U+0069) in font nullfont!
Missing character: There is no s (U+0073) in font nullfont!
Missing character: There is no B (U+0042) in font nullfont!
Missing character: There is no o (U+006F) in font nullfont!
Missing character: There is no o (U+006F) in font nullfont!
Missing character: There is no k (U+006B) in font nullfont!
Missing character: There is no a (U+0061) in font nullfont!
Missing character: There is no c (U+0063) in font nullfont!
Missing character: There is no c (U+0063) in font nullfont!
Missing character: There is no o (U+006F) in font nullfont!
Missing character: There is no r (U+0072) in font nullfont!
Missing character: There is no d (U+0064) in font nullfont!
Missing character: There is no i (U+0069) in font nullfont!
Missing character: There is no n (U+006E) in font nullfont!
Missing character: There is no g (U+0067) in font nullfont!
Missing character: There is no t (U+0074) in font nullfont!
Missing character: There is no o (U+006F) in font nullfont!
Missing character: There is no f (U+0066) in font nullfont!
Missing character: There is no a (U+0061) in font nullfont!
Missing character: There is no i (U+0069) in font nullfont!
Missing character: There is no r (U+0072) in font nullfont!
Missing character: There is no u (U+0075) in font nullfont!
Missing character: There is no s (U+0073) in font nullfont!
Missing character: There is no e (U+0065) in font nullfont!
Missing character: There is no , (U+002C) in font nullfont!
Missing character: There is no w (U+0077) in font nullfont!
Missing character: There is no h (U+0068) in font nullfont!
Missing character: There is no e (U+0065) in font nullfont!
Missing character: There is no r (U+0072) in font nullfont!
Missing character: There is no e (U+0065) in font nullfont!
Missing character: There is no t (U+0074) in font nullfont!
Missing character: There is no h (U+0068) in font nullfont!
Missing character: There is no e (U+0065) in font nullfont!
Missing character: There is no i (U+0069) in font nullfont!
Missing character: There is no r (U+0072) in font nullfont!
Missing character: There is no c (U+0063) in font nullfont!
Missing character: There is no o (U+006F) in font nullfont!
Missing character: There is no n (U+006E) in font nullfont!
Missing character: There is no t (U+0074) in font nullfont!
Missing character: There is no e (U+0065) in font nullfont!
Missing character: There is no n (U+006E) in font nullfont!
Missing character: There is no t (U+0074) in font nullfont!
Missing character: There is no i (U+0069) in font nullfont!
Missing character: There is no s (U+0073) in font nullfont!
Missing character: There is no n (U+006E) in font nullfont!
Missing character: There is no o (U+006F) in font nullfont!
Missing character: There is no t (U+0074) in font nullfont!
Missing character: There is no a (U+0061) in font nullfont!
Missing character: There is no l (U+006C) in font nullfont!
Missing character: There is no r (U+0072) in font nullfont!
Missing character: There is no e (U+0065) in font nullfont!
Missing character: There is no a (U+0061) in font nullfont!
Missing character: There is no d (U+0064) in font nullfont!
Missing character: There is no y (U+0079) in font nullfont!
Missing character: There is no i (U+0069) in font nullfont!
Missing character: There is no n (U+006E) in font nullfont!
Missing character: There is no t (U+0074) in font nullfont!
Missing character: There is no h (U+0068) in font nullfont!
Missing character: There is no e (U+0065) in font nullfont!
Missing character: There is no p (U+0070) in font nullfont!
Missing character: There is no u (U+0075) in font nullfont!
Missing character: There is no b (U+0062) in font nullfont!
Missing character: There is no l (U+006C) in font nullfont!
Missing character: There is no i (U+0069) in font nullfont!
Missing character: There is no c (U+0063) in font nullfont!
Missing character: There is no d (U+0064) in font nullfont!
Missing character: There is no o (U+006F) in font nullfont!
Missing character: There is no m (U+006D) in font nullfont!
Missing character: There is no a (U+0061) in font nullfont!
Missing character: There is no i (U+0069) in font nullfont!
Missing character: There is no n (U+006E) in font nullfont!
Missing character: There is no . (U+002E) in font nullfont!
Missing character: There is no W (U+0057) in font nullfont!
Missing character: There is no h (U+0068) in font nullfont!
Missing character: There is no a (U+0061) in font nullfont!
Missing character: There is no t (U+0074) in font nullfont!
Missing character: There is no w (U+0077) in font nullfont!
Missing character: There is no a (U+0061) in font nullfont!
Missing character: There is no s (U+0073) in font nullfont!
Missing character: There is no u (U+0075) in font nullfont!
Missing character: There is no s (U+0073) in font nullfont!
Missing character: There is no e (U+0065) in font nullfont!
Missing character: There is no d (U+0064) in font nullfont!
Missing character: There is no f (U+0066) in font nullfont!
Missing character: There is no r (U+0072) in font nullfont!
Missing character: There is no o (U+006F) in font nullfont!
Missing character: There is no m (U+006D) in font nullfont!
Missing character: There is no t (U+0074) in font nullfont!
Missing character: There is no h (U+0068) in font nullfont!
Missing character: There is no e (U+0065) in font nullfont!
Missing character: There is no b (U+0062) in font nullfont!
Missing character: There is no o (U+006F) in font nullfont!
Missing character: There is no o (U+006F) in font nullfont!
Missing character: There is no k (U+006B) in font nullfont!
Missing character: There is no , (U+002C) in font nullfont!
Missing character: There is no o (U+006F) in font nullfont!
Missing character: There is no r (U+0072) in font nullfont!
Missing character: There is no i (U+0069) in font nullfont!
Missing character: There is no n (U+006E) in font nullfont!
Missing character: There is no w (U+0077) in font nullfont!
Missing character: There is no h (U+0068) in font nullfont!
Missing character: There is no a (U+0061) in font nullfont!
Missing character: There is no t (U+0074) in font nullfont!
Missing character: There is no w (U+0077) in font nullfont!
Missing character: There is no a (U+0061) in font nullfont!
Missing character: There is no y (U+0079) in font nullfont!
Missing character: There is no i (U+0069) in font nullfont!
Missing character: There is no t (U+0074) in font nullfont!
Missing character: There is no w (U+0077) in font nullfont!
Missing character: There is no a (U+0061) in font nullfont!
Missing character: There is no s (U+0073) in font nullfont!
Missing character: There is no c (U+0063) in font nullfont!
Missing character: There is no o (U+006F) in font nullfont!
Missing character: There is no n (U+006E) in font nullfont!
Missing character: There is no s (U+0073) in font nullfont!
Missing character: There is no u (U+0075) in font nullfont!
Missing character: There is no l (U+006C) in font nullfont!
Missing character: There is no t (U+0074) in font nullfont!
Missing character: There is no e (U+0065) in font nullfont!
Missing character: There is no d (U+0064) in font nullfont!
Missing character: There is no , (U+002C) in font nullfont!
Missing character: There is no i (U+0069) in font nullfont!
Missing character: There is no s (U+0073) in font nullfont!
Missing character: There is no d (U+0064) in font nullfont!
Missing character: There is no e (U+0065) in font nullfont!
Missing character: There is no s (U+0073) in font nullfont!
Missing character: There is no c (U+0063) in font nullfont!
Missing character: There is no r (U+0072) in font nullfont!
Missing character: There is no i (U+0069) in font nullfont!
Missing character: There is no b (U+0062) in font nullfont!
Missing character: There is no e (U+0065) in font nullfont!
Missing character: There is no d (U+0064) in font nullfont!
Missing character: There is no u (U+0075) in font nullfont!
Missing character: There is no n (U+006E) in font nullfont!
Missing character: There is no d (U+0064) in font nullfont!
Missing character: There is no e (U+0065) in font nullfont!
Missing character: There is no r (U+0072) in font nullfont!
Missing character: There is no e (U+0065) in font nullfont!
Missing character: There is no a (U+0061) in font nullfont!
Missing character: There is no c (U+0063) in font nullfont!
Missing character: There is no h (U+0068) in font nullfont!
Missing character: There is no c (U+0063) in font nullfont!
Missing character: There is no i (U+0069) in font nullfont!
Missing character: There is no t (U+0074) in font nullfont!
Missing character: There is no a (U+0061) in font nullfont!
Missing character: There is no t (U+0074) in font nullfont!
Missing character: There is no i (U+0069) in font nullfont!
Missing character: There is no o (U+006F) in font nullfont!
Missing character: There is no n (U+006E) in font nullfont!
Missing character: There is no . (U+002E) in font nullfont!
Missing character: There is no W (U+0057) in font nullfont!
Missing character: There is no e (U+0065) in font nullfont!

Overfull \hbox (20.0pt too wide) in paragraph at lines 17--18
[]We
 []

Missing character: There is no a (U+0061) in font nullfont!
Missing character: There is no r (U+0072) in font nullfont!
Missing character: There is no e (U+0065) in font nullfont!
Missing character: There is no t (U+0074) in font nullfont!
Missing character: There is no h (U+0068) in font nullfont!
Missing character: There is no a (U+0061) in font nullfont!
Missing character: There is no n (U+006E) in font nullfont!
Missing character: There is no k (U+006B) in font nullfont!
Missing character: There is no f (U+0066) in font nullfont!
Missing character: There is no u (U+0075) in font nullfont!
Missing character: There is no l (U+006C) in font nullfont!
Missing character: There is no t (U+0074) in font nullfont!
Missing character: There is no o (U+006F) in font nullfont!
Missing character: There is no h (U+0068) in font nullfont!
Missing character: There is no a (U+0061) in font nullfont!
Missing character: There is no v (U+0076) in font nullfont!
Missing character: There is no e (U+0065) in font nullfont!
Missing character: There is no s (U+0073) in font nullfont!
Missing character: There is no u (U+0075) in font nullfont!
Missing character: There is no c (U+0063) in font nullfont!
Missing character: There is no h (U+0068) in font nullfont!
Missing character: There is no g (U+0067) in font nullfont!
Missing character: There is no r (U+0072) in font nullfont!
Missing character: There is no e (U+0065) in font nullfont!
Missing character: There is no a (U+0061) in font nullfont!
Missing character: There is no t (U+0074) in font nullfont!
Missing character: There is no g (U+0067) in font nullfont!
Missing character: There is no i (U+0069) in font nullfont!
Missing character: There is no a (U+0061) in font nullfont!
Missing character: There is no n (U+006E) in font nullfont!
Missing character: There is no t (U+0074) in font nullfont!
Missing character: There is no s (U+0073) in font nullfont!
Missing character: There is no u (U+0075) in font nullfont!
Missing character: There is no p (U+0070) in font nullfont!
Missing character: There is no o (U+006F) in font nullfont!
Missing character: There is no n (U+006E) in font nullfont!
Missing character: There is no w (U+0077) in font nullfont!
Missing character: There is no h (U+0068) in font nullfont!
Missing character: There is no o (U+006F) in font nullfont!
Missing character: There is no s (U+0073) in font nullfont!
Missing character: There is no e (U+0065) in font nullfont!
Missing character: There is no s (U+0073) in font nullfont!
Missing character: There is no h (U+0068) in font nullfont!
Missing character: There is no o (U+006F) in font nullfont!
Missing character: There is no u (U+0075) in font nullfont!
Missing character: There is no l (U+006C) in font nullfont!
Missing character: There is no d (U+0064) in font nullfont!
Missing character: There is no e (U+0065) in font nullfont!
Missing character: There is no r (U+0072) in font nullfont!
Missing character: There is no s (U+0073) in font nullfont!
Missing character: There is no w (U+0077) in font nullfont!
Missing character: There is no e (U+0065) in font nullfont!
Missing character: There is no s (U+0073) in font nullfont!
Missing character: There is no t (U+0074) in font nullfont!
Missing character: There is no a (U+0061) in font nullfont!
Missing character: There is no n (U+006E) in font nullfont!
Missing character: There is no d (U+0064) in font nullfont!
Missing character: There is no . (U+002E) in font nullfont!
Missing character: There is no T (U+0054) in font nullfont!
Missing character: There is no h (U+0068) in font nullfont!
Missing character: There is no e (U+0065) in font nullfont!
Missing character: There is no s (U+0073) in font nullfont!
Missing character: There is no e (U+0065) in font nullfont!
Missing character: There is no w (U+0077) in font nullfont!
Missing character: There is no o (U+006F) in font nullfont!
Missing character: There is no r (U+0072) in font nullfont!
Missing character: There is no k (U+006B) in font nullfont!
Missing character: There is no s (U+0073) in font nullfont!
Missing character: There is no a (U+0061) in font nullfont!
Missing character: There is no r (U+0072) in font nullfont!
Missing character: There is no e (U+0065) in font nullfont!
Missing character: There is no u (U+0075) in font nullfont!
Missing character: There is no s (U+0073) in font nullfont!
Missing character: There is no e (U+0065) in font nullfont!
Missing character: There is no d (U+0064) in font nullfont!
Missing character: There is no i (U+0069) in font nullfont!
Missing character: There is no n (U+006E) in font nullfont!
Missing character: There is no t (U+0074) in font nullfont!
Missing character: There is no h (U+0068) in font nullfont!
Missing character: There is no i (U+0069) in font nullfont!
Missing character: There is no s (U+0073) in font nullfont!
Missing character: There is no B (U+0042) in font nullfont!
Missing character: There is no o (U+006F) in font nullfont!
Missing character: There is no o (U+006F) in font nullfont!
Missing character: There is no k (U+006B) in font nullfont!
Missing character: There is no a (U+0061) in font nullfont!
Missing character: There is no c (U+0063) in font nullfont!
Missing character: There is no c (U+0063) in font nullfont!
Missing character: There is no o (U+006F) in font nullfont!
Missing character: There is no r (U+0072) in font nullfont!
Missing character: There is no d (U+0064) in font nullfont!
Missing character: There is no i (U+0069) in font nullfont!
Missing character: There is no n (U+006E) in font nullfont!
Missing character: There is no g (U+0067) in font nullfont!
Missing character: There is no t (U+0074) in font nullfont!
Missing character: There is no o (U+006F) in font nullfont!
Missing character: There is no f (U+0066) in font nullfont!
Missing character: There is no a (U+0061) in font nullfont!
Missing character: There is no i (U+0069) in font nullfont!
Missing character: There is no r (U+0072) in font nullfont!
Missing character: There is no u (U+0075) in font nullfont!
Missing character: There is no s (U+0073) in font nullfont!
Missing character: There is no e (U+0065) in font nullfont!
Missing character: There is no , (U+002C) in font nullfont!
Missing character: There is no w (U+0077) in font nullfont!
Missing character: There is no h (U+0068) in font nullfont!
Missing character: There is no e (U+0065) in font nullfont!
Missing character: There is no r (U+0072) in font nullfont!
Missing character: There is no e (U+0065) in font nullfont!
Missing character: There is no t (U+0074) in font nullfont!
Missing character: There is no h (U+0068) in font nullfont!
Missing character: There is no e (U+0065) in font nullfont!
Missing character: There is no i (U+0069) in font nullfont!
Missing character: There is no r (U+0072) in font nullfont!
Missing character: There is no c (U+0063) in font nullfont!
Missing character: There is no o (U+006F) in font nullfont!
Missing character: There is no n (U+006E) in font nullfont!
Missing character: There is no t (U+0074) in font nullfont!
Missing character: There is no e (U+0065) in font nullfont!
Missing character: There is no n (U+006E) in font nullfont!
Missing character: There is no t (U+0074) in font nullfont!
Missing character: There is no i (U+0069) in font nullfont!
Missing character: There is no s (U+0073) in font nullfont!
Missing character: There is no n (U+006E) in font nullfont!
Missing character: There is no o (U+006F) in font nullfont!
Missing character: There is no t (U+0074) in font nullfont!
Missing character: There is no a (U+0061) in font nullfont!
Missing character: There is no l (U+006C) in font nullfont!
Missing character: There is no r (U+0072) in font nullfont!
Missing character: There is no e (U+0065) in font nullfont!
Missing character: There is no a (U+0061) in font nullfont!
Missing character: There is no d (U+0064) in font nullfont!
Missing character: There is no y (U+0079) in font nullfont!
Missing character: There is no i (U+0069) in font nullfont!
Missing character: There is no n (U+006E) in font nullfont!
Missing character: There is no t (U+0074) in font nullfont!
Missing character: There is no h (U+0068) in font nullfont!
Missing character: There is no e (U+0065) in font nullfont!
Missing character: There is no p (U+0070) in font nullfont!
Missing character: There is no u (U+0075) in font nullfont!
Missing character: There is no b (U+0062) in font nullfont!
Missing character: There is no l (U+006C) in font nullfont!
Missing character: There is no i (U+0069) in font nullfont!
Missing character: There is no c (U+0063) in font nullfont!
Missing character: There is no d (U+0064) in font nullfont!
Missing character: There is no o (U+006F) in font nullfont!
Missing character: There is no m (U+006D) in font nullfont!
Missing character: There is no a (U+0061) in font nullfont!
Missing character: There is no i (U+0069) in font nullfont!
Missing character: There is no n (U+006E) in font nullfont!
Missing character: There is no . (U+002E) in font nullfont!
Missing character: There is no W (U+0057) in font nullfont!
Missing character: There is no h (U+0068) in font nullfont!
Missing character: There is no a (U+0061) in font nullfont!
Missing character: There is no t (U+0074) in font nullfont!
Missing character: There is no w (U+0077) in font nullfont!
Missing character: There is no a (U+0061) in font nullfont!
Missing character: There is no s (U+0073) in font nullfont!
Missing character: There is no u (U+0075) in font nullfont!
Missing character: There is no s (U+0073) in font nullfont!
Missing character: There is no e (U+0065) in font nullfont!
Missing character: There is no d (U+0064) in font nullfont!
Missing character: There is no f (U+0066) in font nullfont!
Missing character: There is no r (U+0072) in font nullfont!
Missing character: There is no o (U+006F) in font nullfont!
Missing character: There is no m (U+006D) in font nullfont!
Missing character: There is no t (U+0074) in font nullfont!
Missing character: There is no h (U+0068) in font nullfont!
Missing character: There is no e (U+0065) in font nullfont!
Missing character: There is no b (U+0062) in font nullfont!
Missing character: There is no o (U+006F) in font nullfont!
Missing character: There is no o (U+006F) in font nullfont!
Missing character: There is no k (U+006B) in font nullfont!
Missing character: There is no , (U+002C) in font nullfont!
Missing character: There is no o (U+006F) in font nullfont!
Missing character: There is no r (U+0072) in font nullfont!
Missing character: There is no i (U+0069) in font nullfont!
Missing character: There is no n (U+006E) in font nullfont!
Missing character: There is no w (U+0077) in font nullfont!
Missing character: There is no h (U+0068) in font nullfont!
Missing character: There is no a (U+0061) in font nullfont!
Missing character: There is no t (U+0074) in font nullfont!
Missing character: There is no w (U+0077) in font nullfont!
Missing character: There is no a (U+0061) in font nullfont!
Missing character: There is no y (U+0079) in font nullfont!
Missing character: There is no i (U+0069) in font nullfont!
Missing character: There is no t (U+0074) in font nullfont!
Missing character: There is no w (U+0077) in font nullfont!
Missing character: There is no a (U+0061) in font nullfont!
Missing character: There is no s (U+0073) in font nullfont!
Missing character: There is no c (U+0063) in font nullfont!
Missing character: There is no o (U+006F) in font nullfont!
Missing character: There is no n (U+006E) in font nullfont!
Missing character: There is no s (U+0073) in font nullfont!
Missing character: There is no u (U+0075) in font nullfont!
Missing character: There is no l (U+006C) in font nullfont!
Missing character: There is no t (U+0074) in font nullfont!
Missing character: There is no e (U+0065) in font nullfont!
Missing character: There is no d (U+0064) in font nullfont!
Missing character: There is no , (U+002C) in font nullfont!
Missing character: There is no i (U+0069) in font nullfont!
Missing character: There is no s (U+0073) in font nullfont!
Missing character: There is no d (U+0064) in font nullfont!
Missing character: There is no e (U+0065) in font nullfont!
Missing character: There is no s (U+0073) in font nullfont!
Missing character: There is no c (U+0063) in font nullfont!
Missing character: There is no r (U+0072) in font nullfont!
Missing character: There is no i (U+0069) in font nullfont!
Missing character: There is no b (U+0062) in font nullfont!
Missing character: There is no e (U+0065) in font nullfont!
Missing character: There is no d (U+0064) in font nullfont!
Missing character: There is no u (U+0075) in font nullfont!
Missing character: There is no n (U+006E) in font nullfont!
Missing character: There is no d (U+0064) in font nullfont!
Missing character: There is no e (U+0065) in font nullfont!
Missing character: There is no r (U+0072) in font nullfont!
Missing character: There is no e (U+0065) in font nullfont!
Missing character: There is no a (U+0061) in font nullfont!
Missing character: There is no c (U+0063) in font nullfont!
Missing character: There is no h (U+0068) in font nullfont!
Missing character: There is no c (U+0063) in font nullfont!
Missing character: There is no i (U+0069) in font nullfont!
Missing character: There is no t (U+0074) in font nullfont!
Missing character: There is no a (U+0061) in font nullfont!
Missing character: There is no t (U+0074) in font nullfont!
Missing character: There is no i (U+0069) in font nullfont!
Missing character: There is no o (U+006F) in font nullfont!
Missing character: There is no n (U+006E) in font nullfont!
Missing character: There is no . (U+002E) in font nullfont!

! LaTeX Error: Missing \begin{document}.

See the LaTeX manual or LaTeX Companion for explanation.
Type  H <return>  for immediate help.
 ...                                              
                                                  
l.19 D
      avis, C. Lance, ed. \textit{The Anglican Office Book}. \nth{2} edition...
You're in trouble here.  Try typing  <return>  to proceed.
If that doesn't work, type  X <return>  to quit.

! Undefined control sequence.
l.19 ...d. \textit{The Anglican Office Book}. \nth
                                                  {2} edition. Chester: Whit...
The control sequence at the end of the top line
of your error message was never \def'ed. If you have
misspelled it (e.g., `\hobx'), type `I' and the correct
spelling (e.g., `I\hbox'). Otherwise just continue,
and I'll forget about whatever was undefined.

Missing character: There is no D (U+0044) in font nullfont!
Missing character: There is no a (U+0061) in font nullfont!
Missing character: There is no v (U+0076) in font nullfont!
Missing character: There is no i (U+0069) in font nullfont!
Missing character: There is no s (U+0073) in font nullfont!
Missing character: There is no , (U+002C) in font nullfont!
Missing character: There is no D (U+0044) in font nullfont!
Missing character: There is no a (U+0061) in font nullfont!
Missing character: There is no v (U+0076) in font nullfont!
Missing character: There is no i (U+0069) in font nullfont!
Missing character: There is no s (U+0073) in font nullfont!
Missing character: There is no , (U+002C) in font nullfont!
Missing character: There is no C (U+0043) in font nullfont!
Missing character: There is no . (U+002E) in font nullfont!
Missing character: There is no L (U+004C) in font nullfont!
Missing character: There is no a (U+0061) in font nullfont!
Missing character: There is no n (U+006E) in font nullfont!
Missing character: There is no c (U+0063) in font nullfont!
Missing character: There is no e (U+0065) in font nullfont!
Missing character: There is no , (U+002C) in font nullfont!
Missing character: There is no e (U+0065) in font nullfont!
Missing character: There is no d (U+0064) in font nullfont!
Missing character: There is no . (U+002E) in font nullfont!
Missing character: There is no . (U+002E) in font nullfont!
Missing character: There is no 2 (U+0032) in font nullfont!
Missing character: There is no e (U+0065) in font nullfont!
Missing character: There is no d (U+0064) in font nullfont!
Missing character: There is no i (U+0069) in font nullfont!
Missing character: There is no t (U+0074) in font nullfont!
Missing character: There is no i (U+0069) in font nullfont!
Missing character: There is no o (U+006F) in font nullfont!
Missing character: There is no n (U+006E) in font nullfont!
Missing character: There is no . (U+002E) in font nullfont!
Missing character: There is no C (U+0043) in font nullfont!
Missing character: There is no h (U+0068) in font nullfont!
Missing character: There is no e (U+0065) in font nullfont!
Missing character: There is no s (U+0073) in font nullfont!
Missing character: There is no t (U+0074) in font nullfont!
Missing character: There is no e (U+0065) in font nullfont!
Missing character: There is no r (U+0072) in font nullfont!
Missing character: There is no : (U+003A) in font nullfont!
Missing character: There is no W (U+0057) in font nullfont!
Missing character: There is no h (U+0068) in font nullfont!
Missing character: There is no i (U+0069) in font nullfont!
Missing character: There is no t (U+0074) in font nullfont!
Missing character: There is no h (U+0068) in font nullfont!
Missing character: There is no o (U+006F) in font nullfont!
Missing character: There is no r (U+0072) in font nullfont!
Missing character: There is no n (U+006E) in font nullfont!
Missing character: There is no P (U+0050) in font nullfont!
Missing character: There is no r (U+0072) in font nullfont!
Missing character: There is no e (U+0065) in font nullfont!
Missing character: There is no s (U+0073) in font nullfont!
Missing character: There is no s (U+0073) in font nullfont!
Missing character: There is no , (U+002C) in font nullfont!
Missing character: There is no 2 (U+0032) in font nullfont!
Missing character: There is no 0 (U+0030) in font nullfont!
Missing character: There is no 2 (U+0032) in font nullfont!
Missing character: There is no 3 (U+0033) in font nullfont!
Missing character: There is no . (U+002E) in font nullfont!
Missing character: There is no D (U+0044) in font nullfont!
Missing character: There is no a (U+0061) in font nullfont!
Missing character: There is no v (U+0076) in font nullfont!
Missing character: There is no i (U+0069) in font nullfont!
Missing character: There is no s (U+0073) in font nullfont!
Missing character: There is no , (U+002C) in font nullfont!

Overfull \hbox (20.0pt too wide) in paragraph at lines 19--19
[]Davis,
 []

Missing character: There is no C (U+0043) in font nullfont!
Missing character: There is no . (U+002E) in font nullfont!
Missing character: There is no L (U+004C) in font nullfont!
Missing character: There is no a (U+0061) in font nullfont!
Missing character: There is no n (U+006E) in font nullfont!
Missing character: There is no c (U+0063) in font nullfont!
Missing character: There is no e (U+0065) in font nullfont!
Missing character: There is no , (U+002C) in font nullfont!
Missing character: There is no e (U+0065) in font nullfont!
Missing character: There is no d (U+0064) in font nullfont!
Missing character: There is no . (U+002E) in font nullfont!

Overfull \hbox (16.87001pt too wide) in paragraph at lines 19--19
\TU/lmr/m/it/10 The
 []


Overfull \hbox (16.12pt too wide) in paragraph at lines 19--19
\TU/lmr/m/it/10 An-
 []


Overfull \hbox (13.81001pt too wide) in paragraph at lines 19--19
\TU/lmr/m/it/10 gli-
 []


Overfull \hbox (14.82pt too wide) in paragraph at lines 19--19
\TU/lmr/m/it/10 can
 []


Overfull \hbox (14.32pt too wide) in paragraph at lines 19--19
\TU/lmr/m/it/10 Of-
 []


Overfull \hbox (14.31001pt too wide) in paragraph at lines 19--19
\TU/lmr/m/it/10 fice
 []

Missing character: There is no . (U+002E) in font nullfont!

Overfull \hbox (21.35pt too wide) in paragraph at lines 19--19
\TU/lmr/m/it/10 Book\nullfont .
 []

Missing character: There is no 2 (U+0032) in font nullfont!
Missing character: There is no e (U+0065) in font nullfont!
Missing character: There is no d (U+0064) in font nullfont!
Missing character: There is no i (U+0069) in font nullfont!
Missing character: There is no t (U+0074) in font nullfont!
Missing character: There is no i (U+0069) in font nullfont!
Missing character: There is no o (U+006F) in font nullfont!
Missing character: There is no n (U+006E) in font nullfont!
Missing character: There is no . (U+002E) in font nullfont!
Missing character: There is no C (U+0043) in font nullfont!
Missing character: There is no h (U+0068) in font nullfont!
Missing character: There is no e (U+0065) in font nullfont!
Missing character: There is no s (U+0073) in font nullfont!
Missing character: There is no t (U+0074) in font nullfont!
Missing character: There is no e (U+0065) in font nullfont!
Missing character: There is no r (U+0072) in font nullfont!
Missing character: There is no : (U+003A) in font nullfont!
Missing character: There is no W (U+0057) in font nullfont!
Missing character: There is no h (U+0068) in font nullfont!
Missing character: There is no i (U+0069) in font nullfont!
Missing character: There is no t (U+0074) in font nullfont!
Missing character: There is no h (U+0068) in font nullfont!
Missing character: There is no o (U+006F) in font nullfont!
Missing character: There is no r (U+0072) in font nullfont!
Missing character: There is no n (U+006E) in font nullfont!
Missing character: There is no P (U+0050) in font nullfont!
Missing character: There is no r (U+0072) in font nullfont!
Missing character: There is no e (U+0065) in font nullfont!
Missing character: There is no s (U+0073) in font nullfont!
Missing character: There is no s (U+0073) in font nullfont!
Missing character: There is no , (U+002C) in font nullfont!
Missing character: There is no 2 (U+0032) in font nullfont!
Missing character: There is no 0 (U+0030) in font nullfont!
Missing character: There is no 2 (U+0032) in font nullfont!
Missing character: There is no 3 (U+0033) in font nullfont!
Missing character: There is no . (U+002E) in font nullfont!

! LaTeX Error: Missing \begin{document}.

See the LaTeX manual or LaTeX Companion for explanation.
Type  H <return>  for immediate help.
 ...                                              
                                                  
l.19 ...hester: Whithorn Press, 2023.\par\noindent
                                                  
You're in trouble here.  Try typing  <return>  to proceed.
If that doesn't work, type  X <return>  to quit.


Overfull \hbox (33.36pt too wide) in paragraph at lines 19--21
\TU/lmr/m/it/10 Lessons
 []


Overfull \hbox (15.84pt too wide) in paragraph at lines 19--21
\TU/lmr/m/it/10 and
 []


Overfull \hbox (30.80998pt too wide) in paragraph at lines 19--21
\TU/lmr/m/it/10 Psalms
 []


Overfull \hbox (12.40001pt too wide) in paragraph at lines 19--21
\TU/lmr/m/it/10 for
 []


Overfull \hbox (5.11pt too wide) in paragraph at lines 19--21
\TU/lmr/m/it/10 a
 []


Overfull \hbox (14.31001pt too wide) in paragraph at lines 19--21
\TU/lmr/m/it/10 few
 []


Overfull \hbox (8.18001pt too wide) in paragraph at lines 19--21
\TU/lmr/m/it/10 of
 []


Overfull \hbox (13.03001pt too wide) in paragraph at lines 19--21
\TU/lmr/m/it/10 the
 []


Overfull \hbox (18.03pt too wide) in paragraph at lines 19--21
\TU/lmr/m/it/10 Fes-
 []


Overfull \hbox (9.97002pt too wide) in paragraph at lines 19--21
\TU/lmr/m/it/10 ti-
 []


Overfull \hbox (16.36pt too wide) in paragraph at lines 19--21
\TU/lmr/m/it/10 vals
 []


Overfull \hbox (8.69pt too wide) in paragraph at lines 19--21
\TU/lmr/m/it/10 in
 []


Overfull \hbox (13.03001pt too wide) in paragraph at lines 19--21
\TU/lmr/m/it/10 the
 []


Overfull \hbox (23.15001pt too wide) in paragraph at lines 19--21
\TU/lmr/m/it/10 Daily
 []


Overfull \hbox (14.32pt too wide) in paragraph at lines 19--21
\TU/lmr/m/it/10 Of-
 []


Overfull \hbox (14.31001pt too wide) in paragraph at lines 19--21
\TU/lmr/m/it/10 fice
 []


Overfull \hbox (18.03003pt too wide) in paragraph at lines 19--21
\TU/lmr/m/it/10 Lec-
 []


Overfull \hbox (34.38002pt too wide) in paragraph at lines 19--21
\TU/lmr/m/it/10 tionary.
 []


Overfull \hbox (16.87001pt too wide) in paragraph at lines 19--21
\TU/lmr/m/it/10 The
 []


Overfull \hbox (13.06pt too wide) in paragraph at lines 19--21
\TU/lmr/m/it/10 In-
 []


Overfull \hbox (11.25002pt too wide) in paragraph at lines 19--21
\TU/lmr/m/it/10 vi-
 []


Overfull \hbox (12.01001pt too wide) in paragraph at lines 19--21
\TU/lmr/m/it/10 ta-
 []


Overfull \hbox (17.51001pt too wide) in paragraph at lines 19--21
\TU/lmr/m/it/10 tory
 []


Overfull \hbox (14.31pt too wide) in paragraph at lines 19--21
\TU/lmr/m/it/10 an-
 []


Overfull \hbox (27.34001pt too wide) in paragraph at lines 19--21
\TU/lmr/m/it/10 tiphon
 []


Overfull \hbox (12.40001pt too wide) in paragraph at lines 19--21
\TU/lmr/m/it/10 for
 []


Overfull \hbox (18.91pt too wide) in paragraph at lines 19--21
\TU/lmr/m/it/10 Sep-
 []


Overfull \hbox (12.27pt too wide) in paragraph at lines 19--21
\TU/lmr/m/it/10 tu-
 []


Overfull \hbox (8.69pt too wide) in paragraph at lines 19--21
\TU/lmr/m/it/10 a-
 []


Overfull \hbox (16.87001pt too wide) in paragraph at lines 19--21
\TU/lmr/m/it/10 ges-
 []


Overfull \hbox (6.65001pt too wide) in paragraph at lines 19--21
\TU/lmr/m/it/10 i-
 []


Overfull \hbox (32.46002pt too wide) in paragraph at lines 19--21
\TU/lmr/m/it/10 matide.
 []


Overfull \hbox (23.51pt too wide) in paragraph at lines 19--21
\TU/lmr/m/it/10 Some
 []


Overfull \hbox (8.18001pt too wide) in paragraph at lines 19--21
\TU/lmr/m/it/10 of
 []


Overfull \hbox (13.03001pt too wide) in paragraph at lines 19--21
\TU/lmr/m/it/10 the
 []


Overfull \hbox (15.88002pt too wide) in paragraph at lines 19--21
\TU/lmr/m/it/10 text
 []


Overfull \hbox (15.84pt too wide) in paragraph at lines 19--21
\TU/lmr/m/it/10 and
 []


Overfull \hbox (32.98001pt too wide) in paragraph at lines 19--21
\TU/lmr/m/it/10 Rubrics
 []


Overfull \hbox (12.40001pt too wide) in paragraph at lines 19--21
\TU/lmr/m/it/10 for
 []


Overfull \hbox (13.03001pt too wide) in paragraph at lines 19--21
\TU/lmr/m/it/10 the
 []


Overfull \hbox (15.62001pt too wide) in paragraph at lines 19--21
\TU/lmr/m/it/10 Mi-
 []


Overfull \hbox (14.95pt too wide) in paragraph at lines 19--21
\TU/lmr/m/it/10 nor
 []


Overfull \hbox (29.29pt too wide) in paragraph at lines 19--21
\TU/lmr/m/it/10 Hours.
 []


Overfull \hbox (16.87001pt too wide) in paragraph at lines 19--21
\TU/lmr/m/it/10 The
 []


Overfull \hbox (13.18999pt too wide) in paragraph at lines 19--21
\TU/lmr/m/it/10 Al-
 []


Overfull \hbox (15.72002pt too wide) in paragraph at lines 19--21
\TU/lmr/m/it/10 ter-
 []


Overfull \hbox (14.31pt too wide) in paragraph at lines 19--21
\TU/lmr/m/it/10 na-
 []


Overfull \hbox (15.59003pt too wide) in paragraph at lines 19--21
\TU/lmr/m/it/10 tive
 []


Overfull \hbox (30.68001pt too wide) in paragraph at lines 19--21
\TU/lmr/m/it/10 Psalter
 []


Overfull \hbox (14.72pt too wide) in paragraph at lines 19--21
\TU/lmr/m/it/10 Ar-
 []


Overfull \hbox (27.22002pt too wide) in paragraph at lines 19--21
\TU/lmr/m/it/10 range-
 []


Overfull \hbox (24.79001pt too wide) in paragraph at lines 19--21
\TU/lmr/m/it/10 ment. 
 []


! LaTeX Error: Missing \begin{document}.

See the LaTeX manual or LaTeX Companion for explanation.
Type  H <return>  for immediate help.
 ...                                              
                                                  
l.22 ...{The American Missal: Revised \& Expanded}
                                                  . Glendale: Lancelot Andre...
You're in trouble here.  Try typing  <return>  to proceed.
If that doesn't work, type  X <return>  to quit.

Missing character: There is no . (U+002E) in font nullfont!
Missing character: There is no G (U+0047) in font nullfont!
Missing character: There is no l (U+006C) in font nullfont!
Missing character: There is no e (U+0065) in font nullfont!
Missing character: There is no n (U+006E) in font nullfont!
Missing character: There is no d (U+0064) in font nullfont!
Missing character: There is no a (U+0061) in font nullfont!
Missing character: There is no l (U+006C) in font nullfont!
Missing character: There is no e (U+0065) in font nullfont!
Missing character: There is no : (U+003A) in font nullfont!
Missing character: There is no L (U+004C) in font nullfont!
Missing character: There is no a (U+0061) in font nullfont!
Missing character: There is no n (U+006E) in font nullfont!
Missing character: There is no c (U+0063) in font nullfont!
Missing character: There is no e (U+0065) in font nullfont!
Missing character: There is no l (U+006C) in font nullfont!
Missing character: There is no o (U+006F) in font nullfont!
Missing character: There is no t (U+0074) in font nullfont!
Missing character: There is no A (U+0041) in font nullfont!
Missing character: There is no n (U+006E) in font nullfont!
Missing character: There is no d (U+0064) in font nullfont!
Missing character: There is no r (U+0072) in font nullfont!
Missing character: There is no e (U+0065) in font nullfont!
Missing character: There is no w (U+0077) in font nullfont!
Missing character: There is no e (U+0065) in font nullfont!
Missing character: There is no s (U+0073) in font nullfont!
Missing character: There is no P (U+0050) in font nullfont!
Missing character: There is no r (U+0072) in font nullfont!
Missing character: There is no e (U+0065) in font nullfont!
Missing character: There is no s (U+0073) in font nullfont!
Missing character: There is no s (U+0073) in font nullfont!
Missing character: There is no , (U+002C) in font nullfont!
Missing character: There is no 2 (U+0032) in font nullfont!
Missing character: There is no 0 (U+0030) in font nullfont!
Missing character: There is no 1 (U+0031) in font nullfont!
Missing character: There is no 0 (U+0030) in font nullfont!
Missing character: There is no . (U+002E) in font nullfont!

Overfull \hbox (36.87001pt too wide) in paragraph at lines 22--22
[]\TU/lmr/m/it/10 The
 []


Overfull \hbox (27.5pt too wide) in paragraph at lines 22--22
\TU/lmr/m/it/10 Amer-
 []


Overfull \hbox (6.65001pt too wide) in paragraph at lines 22--22
\TU/lmr/m/it/10 i-
 []


Overfull \hbox (14.82pt too wide) in paragraph at lines 22--22
\TU/lmr/m/it/10 can
 []


Overfull \hbox (30.96pt too wide) in paragraph at lines 22--22
\TU/lmr/m/it/10 Missal:
 []


Overfull \hbox (14.96pt too wide) in paragraph at lines 22--22
\TU/lmr/m/it/10 Re-
 []


Overfull \hbox (20.96002pt too wide) in paragraph at lines 22--22
\TU/lmr/m/it/10 vised
 []


Overfull \hbox (7.67pt too wide) in paragraph at lines 22--22
\TU/lmr/m/it/10 &
 []


Overfull \hbox (15.0pt too wide) in paragraph at lines 22--22
\TU/lmr/m/it/10 Ex-
 []

Missing character: There is no . (U+002E) in font nullfont!

Overfull \hbox (29.64001pt too wide) in paragraph at lines 22--22
\TU/lmr/m/it/10 panded\nullfont .
 []

Missing character: There is no G (U+0047) in font nullfont!
Missing character: There is no l (U+006C) in font nullfont!
Missing character: There is no e (U+0065) in font nullfont!
Missing character: There is no n (U+006E) in font nullfont!
Missing character: There is no d (U+0064) in font nullfont!
Missing character: There is no a (U+0061) in font nullfont!
Missing character: There is no l (U+006C) in font nullfont!
Missing character: There is no e (U+0065) in font nullfont!
Missing character: There is no : (U+003A) in font nullfont!
Missing character: There is no L (U+004C) in font nullfont!
Missing character: There is no a (U+0061) in font nullfont!
Missing character: There is no n (U+006E) in font nullfont!
Missing character: There is no c (U+0063) in font nullfont!
Missing character: There is no e (U+0065) in font nullfont!
Missing character: There is no l (U+006C) in font nullfont!
Missing character: There is no o (U+006F) in font nullfont!
Missing character: There is no t (U+0074) in font nullfont!
Missing character: There is no A (U+0041) in font nullfont!
Missing character: There is no n (U+006E) in font nullfont!
Missing character: There is no d (U+0064) in font nullfont!
Missing character: There is no r (U+0072) in font nullfont!
Missing character: There is no e (U+0065) in font nullfont!
Missing character: There is no w (U+0077) in font nullfont!
Missing character: There is no e (U+0065) in font nullfont!
Missing character: There is no s (U+0073) in font nullfont!
Missing character: There is no P (U+0050) in font nullfont!
Missing character: There is no r (U+0072) in font nullfont!
Missing character: There is no e (U+0065) in font nullfont!
Missing character: There is no s (U+0073) in font nullfont!
Missing character: There is no s (U+0073) in font nullfont!
Missing character: There is no , (U+002C) in font nullfont!
Missing character: There is no 2 (U+0032) in font nullfont!
Missing character: There is no 0 (U+0030) in font nullfont!
Missing character: There is no 1 (U+0031) in font nullfont!
Missing character: There is no 0 (U+0030) in font nullfont!
Missing character: There is no . (U+002E) in font nullfont!

! LaTeX Error: Missing \begin{document}.

See the LaTeX manual or LaTeX Companion for explanation.
Type  H <return>  for immediate help.
 ...                                              
                                                  
l.22 ...ancelot Andrewes Press, 2010.\par\noindent
                                                  
You're in trouble here.  Try typing  <return>  to proceed.
If that doesn't work, type  X <return>  to quit.


Overfull \hbox (16.87001pt too wide) in paragraph at lines 22--24
\TU/lmr/m/it/10 The
 []


Overfull \hbox (22.62001pt too wide) in paragraph at lines 22--24
\TU/lmr/m/it/10 prop-
 []


Overfull \hbox (12.91pt too wide) in paragraph at lines 22--24
\TU/lmr/m/it/10 ers
 []


Overfull \hbox (12.40001pt too wide) in paragraph at lines 22--24
\TU/lmr/m/it/10 for
 []


Overfull \hbox (17.26pt too wide) in paragraph at lines 22--24
\TU/lmr/m/it/10 Our
 []


Overfull \hbox (20.84001pt too wide) in paragraph at lines 22--24
\TU/lmr/m/it/10 Lady
 []


Overfull \hbox (8.18001pt too wide) in paragraph at lines 22--24
\TU/lmr/m/it/10 of
 []


Overfull \hbox (24.56pt too wide) in paragraph at lines 22--24
\TU/lmr/m/it/10 Wals-
 []


Overfull \hbox (16.87001pt too wide) in paragraph at lines 22--24
\TU/lmr/m/it/10 ing-
 []


Overfull \hbox (21.47pt too wide) in paragraph at lines 22--24
\TU/lmr/m/it/10 ham,
 []


Overfull \hbox (12.01001pt too wide) in paragraph at lines 22--24
\TU/lmr/m/it/10 St.
 []


Overfull \hbox (34.38pt too wide) in paragraph at lines 22--24
\TU/lmr/m/it/10 Raphael
 []


Overfull \hbox (8.18001pt too wide) in paragraph at lines 22--24
\TU/lmr/m/it/10 of
 []


Overfull \hbox (28.64001pt too wide) in paragraph at lines 22--24
\TU/lmr/m/it/10 Brook-
 []


Overfull \hbox (16.11pt too wide) in paragraph at lines 22--24
\TU/lmr/m/it/10 lyn,
 []


Overfull \hbox (12.01001pt too wide) in paragraph at lines 22--24
\TU/lmr/m/it/10 St.
 []


Overfull \hbox (30.67001pt too wide) in paragraph at lines 22--24
\TU/lmr/m/it/10 Tikhon
 []


Overfull \hbox (8.18001pt too wide) in paragraph at lines 22--24
\TU/lmr/m/it/10 of
 []


Overfull \hbox (37.08002pt too wide) in paragraph at lines 22--24
\TU/lmr/m/it/10 Moscow,
 []


Overfull \hbox (15.84pt too wide) in paragraph at lines 22--24
\TU/lmr/m/it/10 and
 []


Overfull \hbox (13.03001pt too wide) in paragraph at lines 22--24
\TU/lmr/m/it/10 the
 []


Overfull \hbox (15.34pt too wide) in paragraph at lines 22--24
\TU/lmr/m/it/10 Old
 []


Overfull \hbox (18.66pt too wide) in paragraph at lines 22--24
\TU/lmr/m/it/10 Tes-
 []


Overfull \hbox (12.01001pt too wide) in paragraph at lines 22--24
\TU/lmr/m/it/10 ta-
 []


Overfull \hbox (21.72pt too wide) in paragraph at lines 22--24
\TU/lmr/m/it/10 ment
 []


Overfull \hbox (15.47pt too wide) in paragraph at lines 22--24
\TU/lmr/m/it/10 Pa-
 []


Overfull \hbox (14.19002pt too wide) in paragraph at lines 22--24
\TU/lmr/m/it/10 tri-
 []


Overfull \hbox (22.62001pt too wide) in paragraph at lines 22--24
\TU/lmr/m/it/10 archs
 []


Overfull \hbox (7.67pt too wide) in paragraph at lines 22--24
\TU/lmr/m/it/10 &
 []


Overfull \hbox (40.90002pt too wide) in paragraph at lines 22--24
\TU/lmr/m/it/10 Prophets. 
 []


! LaTeX Error: Missing \begin{document}.

See the LaTeX manual or LaTeX Companion for explanation.
Type  H <return>  for immediate help.
 ...                                              
                                                  
l.25 T
      he Armed Forces Division of the Protestant Episcopal Church. \textit{T...
You're in trouble here.  Try typing  <return>  to proceed.
If that doesn't work, type  X <return>  to quit.

Missing character: There is no T (U+0054) in font nullfont!
Missing character: There is no h (U+0068) in font nullfont!
Missing character: There is no e (U+0065) in font nullfont!
Missing character: There is no T (U+0054) in font nullfont!
Missing character: There is no h (U+0068) in font nullfont!
Missing character: There is no e (U+0065) in font nullfont!
Missing character: There is no A (U+0041) in font nullfont!
Missing character: There is no r (U+0072) in font nullfont!
Missing character: There is no m (U+006D) in font nullfont!
Missing character: There is no e (U+0065) in font nullfont!
Missing character: There is no d (U+0064) in font nullfont!
Missing character: There is no F (U+0046) in font nullfont!
Missing character: There is no o (U+006F) in font nullfont!
Missing character: There is no r (U+0072) in font nullfont!
Missing character: There is no c (U+0063) in font nullfont!
Missing character: There is no e (U+0065) in font nullfont!
Missing character: There is no s (U+0073) in font nullfont!
Missing character: There is no D (U+0044) in font nullfont!
Missing character: There is no i (U+0069) in font nullfont!
Missing character: There is no v (U+0076) in font nullfont!
Missing character: There is no i (U+0069) in font nullfont!
Missing character: There is no s (U+0073) in font nullfont!
Missing character: There is no i (U+0069) in font nullfont!
Missing character: There is no o (U+006F) in font nullfont!
Missing character: There is no n (U+006E) in font nullfont!
Missing character: There is no o (U+006F) in font nullfont!
Missing character: There is no f (U+0066) in font nullfont!
Missing character: There is no t (U+0074) in font nullfont!
Missing character: There is no h (U+0068) in font nullfont!
Missing character: There is no e (U+0065) in font nullfont!
Missing character: There is no P (U+0050) in font nullfont!
Missing character: There is no r (U+0072) in font nullfont!
Missing character: There is no o (U+006F) in font nullfont!
Missing character: There is no t (U+0074) in font nullfont!
Missing character: There is no e (U+0065) in font nullfont!
Missing character: There is no s (U+0073) in font nullfont!
Missing character: There is no t (U+0074) in font nullfont!
Missing character: There is no a (U+0061) in font nullfont!
Missing character: There is no n (U+006E) in font nullfont!
Missing character: There is no t (U+0074) in font nullfont!
Missing character: There is no E (U+0045) in font nullfont!
Missing character: There is no p (U+0070) in font nullfont!
Missing character: There is no i (U+0069) in font nullfont!
Missing character: There is no s (U+0073) in font nullfont!
Missing character: There is no c (U+0063) in font nullfont!
Missing character: There is no o (U+006F) in font nullfont!
Missing character: There is no p (U+0070) in font nullfont!
Missing character: There is no a (U+0061) in font nullfont!
Missing character: There is no l (U+006C) in font nullfont!
Missing character: There is no C (U+0043) in font nullfont!
Missing character: There is no h (U+0068) in font nullfont!
Missing character: There is no u (U+0075) in font nullfont!
Missing character: There is no r (U+0072) in font nullfont!
Missing character: There is no c (U+0063) in font nullfont!
Missing character: There is no h (U+0068) in font nullfont!
Missing character: There is no . (U+002E) in font nullfont!
Missing character: There is no . (U+002E) in font nullfont!
Missing character: There is no N (U+004E) in font nullfont!
Missing character: There is no e (U+0065) in font nullfont!
Missing character: There is no w (U+0077) in font nullfont!
Missing character: There is no Y (U+0059) in font nullfont!
Missing character: There is no o (U+006F) in font nullfont!
Missing character: There is no r (U+0072) in font nullfont!
Missing character: There is no k (U+006B) in font nullfont!
Missing character: There is no : (U+003A) in font nullfont!
Missing character: There is no T (U+0054) in font nullfont!
Missing character: There is no h (U+0068) in font nullfont!
Missing character: There is no e (U+0065) in font nullfont!
Missing character: There is no C (U+0043) in font nullfont!
Missing character: There is no h (U+0068) in font nullfont!
Missing character: There is no u (U+0075) in font nullfont!
Missing character: There is no r (U+0072) in font nullfont!
Missing character: There is no c (U+0063) in font nullfont!
Missing character: There is no h (U+0068) in font nullfont!
Missing character: There is no P (U+0050) in font nullfont!
Missing character: There is no e (U+0065) in font nullfont!
Missing character: There is no n (U+006E) in font nullfont!
Missing character: There is no s (U+0073) in font nullfont!
Missing character: There is no i (U+0069) in font nullfont!
Missing character: There is no o (U+006F) in font nullfont!
Missing character: There is no n (U+006E) in font nullfont!
Missing character: There is no F (U+0046) in font nullfont!
Missing character: There is no u (U+0075) in font nullfont!
Missing character: There is no n (U+006E) in font nullfont!
Missing character: There is no d (U+0064) in font nullfont!
Missing character: There is no , (U+002C) in font nullfont!
Missing character: There is no 1 (U+0031) in font nullfont!
Missing character: There is no 9 (U+0039) in font nullfont!
Missing character: There is no 5 (U+0035) in font nullfont!
Missing character: There is no 1 (U+0031) in font nullfont!
Missing character: There is no . (U+002E) in font nullfont!
Missing character: There is no T (U+0054) in font nullfont!
Missing character: There is no h (U+0068) in font nullfont!
Missing character: There is no e (U+0065) in font nullfont!

Overfull \hbox (20.0pt too wide) in paragraph at lines 25--25
[]The
 []

Missing character: There is no A (U+0041) in font nullfont!
Missing character: There is no r (U+0072) in font nullfont!
Missing character: There is no m (U+006D) in font nullfont!
Missing character: There is no e (U+0065) in font nullfont!
Missing character: There is no d (U+0064) in font nullfont!
Missing character: There is no F (U+0046) in font nullfont!
Missing character: There is no o (U+006F) in font nullfont!
Missing character: There is no r (U+0072) in font nullfont!
Missing character: There is no c (U+0063) in font nullfont!
Missing character: There is no e (U+0065) in font nullfont!
Missing character: There is no s (U+0073) in font nullfont!
Missing character: There is no D (U+0044) in font nullfont!
Missing character: There is no i (U+0069) in font nullfont!
Missing character: There is no v (U+0076) in font nullfont!
Missing character: There is no i (U+0069) in font nullfont!
Missing character: There is no s (U+0073) in font nullfont!
Missing character: There is no i (U+0069) in font nullfont!
Missing character: There is no o (U+006F) in font nullfont!
Missing character: There is no n (U+006E) in font nullfont!
Missing character: There is no o (U+006F) in font nullfont!
Missing character: There is no f (U+0066) in font nullfont!
Missing character: There is no t (U+0074) in font nullfont!
Missing character: There is no h (U+0068) in font nullfont!
Missing character: There is no e (U+0065) in font nullfont!
Missing character: There is no P (U+0050) in font nullfont!
Missing character: There is no r (U+0072) in font nullfont!
Missing character: There is no o (U+006F) in font nullfont!
Missing character: There is no t (U+0074) in font nullfont!
Missing character: There is no e (U+0065) in font nullfont!
Missing character: There is no s (U+0073) in font nullfont!
Missing character: There is no t (U+0074) in font nullfont!
Missing character: There is no a (U+0061) in font nullfont!
Missing character: There is no n (U+006E) in font nullfont!
Missing character: There is no t (U+0074) in font nullfont!
Missing character: There is no E (U+0045) in font nullfont!
Missing character: There is no p (U+0070) in font nullfont!
Missing character: There is no i (U+0069) in font nullfont!
Missing character: There is no s (U+0073) in font nullfont!
Missing character: There is no c (U+0063) in font nullfont!
Missing character: There is no o (U+006F) in font nullfont!
Missing character: There is no p (U+0070) in font nullfont!
Missing character: There is no a (U+0061) in font nullfont!
Missing character: There is no l (U+006C) in font nullfont!
Missing character: There is no C (U+0043) in font nullfont!
Missing character: There is no h (U+0068) in font nullfont!
Missing character: There is no u (U+0075) in font nullfont!
Missing character: There is no r (U+0072) in font nullfont!
Missing character: There is no c (U+0063) in font nullfont!
Missing character: There is no h (U+0068) in font nullfont!
Missing character: There is no . (U+002E) in font nullfont!

Overfull \hbox (16.87001pt too wide) in paragraph at lines 25--25
\TU/lmr/m/it/10 The
 []


Overfull \hbox (28.52pt too wide) in paragraph at lines 25--25
\TU/lmr/m/it/10 Armed
 []


Overfull \hbox (27.36002pt too wide) in paragraph at lines 25--25
\TU/lmr/m/it/10 Forces
 []


Overfull \hbox (29.28001pt too wide) in paragraph at lines 25--25
\TU/lmr/m/it/10 Prayer
 []

Missing character: There is no . (U+002E) in font nullfont!

Overfull \hbox (21.35pt too wide) in paragraph at lines 25--25
\TU/lmr/m/it/10 Book\nullfont .
 []

Missing character: There is no N (U+004E) in font nullfont!
Missing character: There is no e (U+0065) in font nullfont!
Missing character: There is no w (U+0077) in font nullfont!
Missing character: There is no Y (U+0059) in font nullfont!
Missing character: There is no o (U+006F) in font nullfont!
Missing character: There is no r (U+0072) in font nullfont!
Missing character: There is no k (U+006B) in font nullfont!
Missing character: There is no : (U+003A) in font nullfont!
Missing character: There is no T (U+0054) in font nullfont!
Missing character: There is no h (U+0068) in font nullfont!
Missing character: There is no e (U+0065) in font nullfont!
Missing character: There is no C (U+0043) in font nullfont!
Missing character: There is no h (U+0068) in font nullfont!
Missing character: There is no u (U+0075) in font nullfont!
Missing character: There is no r (U+0072) in font nullfont!
Missing character: There is no c (U+0063) in font nullfont!
Missing character: There is no h (U+0068) in font nullfont!
Missing character: There is no P (U+0050) in font nullfont!
Missing character: There is no e (U+0065) in font nullfont!
Missing character: There is no n (U+006E) in font nullfont!
Missing character: There is no s (U+0073) in font nullfont!
Missing character: There is no i (U+0069) in font nullfont!
Missing character: There is no o (U+006F) in font nullfont!
Missing character: There is no n (U+006E) in font nullfont!
Missing character: There is no F (U+0046) in font nullfont!
Missing character: There is no u (U+0075) in font nullfont!
Missing character: There is no n (U+006E) in font nullfont!
Missing character: There is no d (U+0064) in font nullfont!
Missing character: There is no , (U+002C) in font nullfont!
Missing character: There is no 1 (U+0031) in font nullfont!
Missing character: There is no 9 (U+0039) in font nullfont!
Missing character: There is no 5 (U+0035) in font nullfont!
Missing character: There is no 1 (U+0031) in font nullfont!
Missing character: There is no . (U+002E) in font nullfont!

! LaTeX Error: Missing \begin{document}.

See the LaTeX manual or LaTeX Companion for explanation.
Type  H <return>  for immediate help.
 ...                                              
                                                  
l.25 ...he Church Pension Fund, 1951.\par\noindent
                                                  
You're in trouble here.  Try typing  <return>  to proceed.
If that doesn't work, type  X <return>  to quit.


Overfull \hbox (16.87001pt too wide) in paragraph at lines 25--27
\TU/lmr/m/it/10 The
 []


Overfull \hbox (29.28001pt too wide) in paragraph at lines 25--27
\TU/lmr/m/it/10 Prayer
 []


Overfull \hbox (12.40001pt too wide) in paragraph at lines 25--27
\TU/lmr/m/it/10 for
 []


Overfull \hbox (13.03001pt too wide) in paragraph at lines 25--27
\TU/lmr/m/it/10 the
 []


Overfull \hbox (28.52pt too wide) in paragraph at lines 25--27
\TU/lmr/m/it/10 Armed
 []


Overfull \hbox (30.43002pt too wide) in paragraph at lines 25--27
\TU/lmr/m/it/10 Forces. 
 []


! LaTeX Error: Missing \begin{document}.

See the LaTeX manual or LaTeX Companion for explanation.
Type  H <return>  for immediate help.
 ...                                              
                                                  
l.28 \textit{The English Missal for the Laity}
                                              . London: W. Knott \& Sons Lim...
You're in trouble here.  Try typing  <return>  to proceed.
If that doesn't work, type  X <return>  to quit.

Missing character: There is no . (U+002E) in font nullfont!
Missing character: There is no L (U+004C) in font nullfont!
Missing character: There is no o (U+006F) in font nullfont!
Missing character: There is no n (U+006E) in font nullfont!
Missing character: There is no d (U+0064) in font nullfont!
Missing character: There is no o (U+006F) in font nullfont!
Missing character: There is no n (U+006E) in font nullfont!
Missing character: There is no : (U+003A) in font nullfont!
Missing character: There is no W (U+0057) in font nullfont!
Missing character: There is no . (U+002E) in font nullfont!
Missing character: There is no K (U+004B) in font nullfont!
Missing character: There is no n (U+006E) in font nullfont!
Missing character: There is no o (U+006F) in font nullfont!
Missing character: There is no t (U+0074) in font nullfont!
Missing character: There is no t (U+0074) in font nullfont!
Missing character: There is no & (U+0026) in font nullfont!
Missing character: There is no S (U+0053) in font nullfont!
Missing character: There is no o (U+006F) in font nullfont!
Missing character: There is no n (U+006E) in font nullfont!
Missing character: There is no s (U+0073) in font nullfont!
Missing character: There is no L (U+004C) in font nullfont!
Missing character: There is no i (U+0069) in font nullfont!
Missing character: There is no m (U+006D) in font nullfont!
Missing character: There is no i (U+0069) in font nullfont!
Missing character: There is no t (U+0074) in font nullfont!
Missing character: There is no e (U+0065) in font nullfont!
Missing character: There is no d (U+0064) in font nullfont!
Missing character: There is no , (U+002C) in font nullfont!
Missing character: There is no 1 (U+0031) in font nullfont!
Missing character: There is no 9 (U+0039) in font nullfont!
Missing character: There is no 3 (U+0033) in font nullfont!
Missing character: There is no 3 (U+0033) in font nullfont!
Missing character: There is no . (U+002E) in font nullfont!

Overfull \hbox (36.87001pt too wide) in paragraph at lines 28--28
[]\TU/lmr/m/it/10 The
 []


Overfull \hbox (15.98pt too wide) in paragraph at lines 28--28
\TU/lmr/m/it/10 En-
 []


Overfull \hbox (19.43001pt too wide) in paragraph at lines 28--28
\TU/lmr/m/it/10 glish
 []


Overfull \hbox (27.89pt too wide) in paragraph at lines 28--28
\TU/lmr/m/it/10 Missal
 []


Overfull \hbox (12.40001pt too wide) in paragraph at lines 28--28
\TU/lmr/m/it/10 for
 []


Overfull \hbox (13.03001pt too wide) in paragraph at lines 28--28
\TU/lmr/m/it/10 the
 []

Missing character: There is no . (U+002E) in font nullfont!

Overfull \hbox (22.12003pt too wide) in paragraph at lines 28--28
\TU/lmr/m/it/10 Laity\nullfont .
 []

Missing character: There is no L (U+004C) in font nullfont!
Missing character: There is no o (U+006F) in font nullfont!
Missing character: There is no n (U+006E) in font nullfont!
Missing character: There is no d (U+0064) in font nullfont!
Missing character: There is no o (U+006F) in font nullfont!
Missing character: There is no n (U+006E) in font nullfont!
Missing character: There is no : (U+003A) in font nullfont!
Missing character: There is no W (U+0057) in font nullfont!
Missing character: There is no . (U+002E) in font nullfont!
Missing character: There is no K (U+004B) in font nullfont!
Missing character: There is no n (U+006E) in font nullfont!
Missing character: There is no o (U+006F) in font nullfont!
Missing character: There is no t (U+0074) in font nullfont!
Missing character: There is no t (U+0074) in font nullfont!
Missing character: There is no & (U+0026) in font nullfont!
Missing character: There is no S (U+0053) in font nullfont!
Missing character: There is no o (U+006F) in font nullfont!
Missing character: There is no n (U+006E) in font nullfont!
Missing character: There is no s (U+0073) in font nullfont!
Missing character: There is no L (U+004C) in font nullfont!
Missing character: There is no i (U+0069) in font nullfont!
Missing character: There is no m (U+006D) in font nullfont!
Missing character: There is no i (U+0069) in font nullfont!
Missing character: There is no t (U+0074) in font nullfont!
Missing character: There is no e (U+0065) in font nullfont!
Missing character: There is no d (U+0064) in font nullfont!
Missing character: There is no , (U+002C) in font nullfont!
Missing character: There is no 1 (U+0031) in font nullfont!
Missing character: There is no 9 (U+0039) in font nullfont!
Missing character: There is no 3 (U+0033) in font nullfont!
Missing character: There is no 3 (U+0033) in font nullfont!
Missing character: There is no . (U+002E) in font nullfont!

! LaTeX Error: Missing \begin{document}.

See the LaTeX manual or LaTeX Companion for explanation.
Type  H <return>  for immediate help.
 ...                                              
                                                  
l.28 ... Knott \& Sons Limited, 1933.\par\noindent
                                                  
You're in trouble here.  Try typing  <return>  to proceed.
If that doesn't work, type  X <return>  to quit.


Overfull \hbox (16.87001pt too wide) in paragraph at lines 28--30
\TU/lmr/m/it/10 The
 []


Overfull \hbox (35.27pt too wide) in paragraph at lines 28--30
\TU/lmr/m/it/10 Thanks-
 []


Overfull \hbox (15.85002pt too wide) in paragraph at lines 28--30
\TU/lmr/m/it/10 giv-
 []


Overfull \hbox (13.29001pt too wide) in paragraph at lines 28--30
\TU/lmr/m/it/10 ing
 []


Overfull \hbox (12.40001pt too wide) in paragraph at lines 28--30
\TU/lmr/m/it/10 for
 []


Overfull \hbox (19.95999pt too wide) in paragraph at lines 28--30
\TU/lmr/m/it/10 Holy
 []


Overfull \hbox (24.03pt too wide) in paragraph at lines 28--30
\TU/lmr/m/it/10 Com-
 []


Overfull \hbox (17.12999pt too wide) in paragraph at lines 28--30
\TU/lmr/m/it/10 mu-
 []


Overfull \hbox (22.49pt too wide) in paragraph at lines 28--30
\TU/lmr/m/it/10 nion.
 []


Overfull \hbox (24.29001pt too wide) in paragraph at lines 28--30
\TU/lmr/m/it/10 Prop-
 []


Overfull \hbox (12.91pt too wide) in paragraph at lines 28--30
\TU/lmr/m/it/10 ers
 []


Overfull \hbox (14.05pt too wide) in paragraph at lines 28--30
\TU/lmr/m/it/10 not
 []


Overfull \hbox (24.28pt too wide) in paragraph at lines 28--30
\TU/lmr/m/it/10 found
 []


Overfull \hbox (8.69pt too wide) in paragraph at lines 28--30
\TU/lmr/m/it/10 in
 []


Overfull \hbox (13.03001pt too wide) in paragraph at lines 28--30
\TU/lmr/m/it/10 the
 []


Overfull \hbox (29.28001pt too wide) in paragraph at lines 28--30
\TU/lmr/m/it/10 Prayer
 []


Overfull \hbox (21.35pt too wide) in paragraph at lines 28--30
\TU/lmr/m/it/10 Book
 []


Overfull \hbox (18.79001pt too wide) in paragraph at lines 28--30
\TU/lmr/m/it/10 Tra-
 []


Overfull \hbox (11.76001pt too wide) in paragraph at lines 28--30
\TU/lmr/m/it/10 di-
 []


Overfull \hbox (17.12001pt too wide) in paragraph at lines 28--30
\TU/lmr/m/it/10 tion
 []


Overfull \hbox (14.95pt too wide) in paragraph at lines 28--30
\TU/lmr/m/it/10 nor
 []


Overfull \hbox (18.66pt too wide) in paragraph at lines 28--30
\TU/lmr/m/it/10 used
 []


Overfull \hbox (20.07pt too wide) in paragraph at lines 28--30
\TU/lmr/m/it/10 from
 []


Overfull \hbox (22.36002pt too wide) in paragraph at lines 28--30
\TU/lmr/m/it/10 other
 []


Overfull \hbox (25.56003pt too wide) in paragraph at lines 28--30
\TU/lmr/m/it/10 books. 
 []


! LaTeX Error: The font size command \normalsize is not defined:
               there is probably something wrong with the class file.

See the LaTeX manual or LaTeX Companion for explanation.
Type  H <return>  for immediate help.
 ...                                              
                                                  
l.30 
     
Your command was ignored.
Type  I <command> <return>  to replace it with another command,
or  <return>  to continue without it.

[1
! Undefined control sequence.
<write> ...entsline {chapter}{Copyright}{\thepage 
                                                  }{}\protected@file@percent }
l.30 
     
The control sequence at the end of the top line
of your error message was never \def'ed. If you have
misspelled it (e.g., `\hobx'), type `I' and the correct
spelling (e.g., `I\hbox'). Otherwise just continue,
and I'll forget about whatever was undefined.

\@writefile{toc}{\contentsline {chapter}{Copyright}{}{}\protected@file@percent 
}
Missing character: There is no [ (U+005B) in font nullfont!
Missing character: There is no C (U+0043) in font nullfont!
Missing character: There is no ] (U+005D) in font nullfont!
Missing character: There is no C (U+0043) in font nullfont!
Missing character: There is no o (U+006F) in font nullfont!
Missing character: There is no p (U+0070) in font nullfont!
Missing character: There is no y (U+0079) in font nullfont!
Missing character: There is no r (U+0072) in font nullfont!
Missing character: There is no i (U+0069) in font nullfont!
Missing character: There is no g (U+0067) in font nullfont!
Missing character: There is no h (U+0068) in font nullfont!
Missing character: There is no t (U+0074) in font nullfont!
Missing character: There is no T (U+0054) in font nullfont!
Missing character: There is no h (U+0068) in font nullfont!
Missing character: There is no e (U+0065) in font nullfont!
Missing character: There is no S (U+0053) in font nullfont!
Missing character: There is no a (U+0061) in font nullfont!
Missing character: There is no i (U+0069) in font nullfont!
Missing character: There is no n (U+006E) in font nullfont!
Missing character: There is no t (U+0074) in font nullfont!
Missing character: There is no B (U+0042) in font nullfont!
Missing character: There is no o (U+006F) in font nullfont!
Missing character: There is no t (U+0074) in font nullfont!
Missing character: There is no o (U+006F) in font nullfont!
Missing character: There is no l (U+006C) in font nullfont!
Missing character: There is no p (U+0070) in font nullfont!
Missing character: There is no h (U+0068) in font nullfont!
Missing character: There is no ' (U+0027) in font nullfont!
Missing character: There is no s (U+0073) in font nullfont!
Missing character: There is no B (U+0042) in font nullfont!
Missing character: There is no r (U+0072) in font nullfont!
Missing character: There is no e (U+0065) in font nullfont!
Missing character: There is no v (U+0076) in font nullfont!
Missing character: There is no i (U+0069) in font nullfont!
Missing character: There is no a (U+0061) in font nullfont!
Missing character: There is no r (U+0072) in font nullfont!
Missing character: There is no y (U+0079) in font nullfont!
Missing character: There is no ( (U+0028) in font nullfont!
{/usr/local/texlive/2026/texmf-var/fonts/map/pdftex/updmap/pdftex.map}
Missing character: There is no 2 (U+0032) in font nullfont!
Missing character: There is no 0 (U+0030) in font nullfont!
Missing character: There is no 2 (U+0032) in font nullfont!
Missing character: There is no 6 (U+0036) in font nullfont!
Missing character: There is no A (U+0041) in font nullfont!
Missing character: There is no p (U+0070) in font nullfont!
Missing character: There is no o (U+006F) in font nullfont!
Missing character: There is no l (U+006C) in font nullfont!
Missing character: There is no o (U+006F) in font nullfont!
Missing character: There is no g (U+0067) in font nullfont!
Missing character: There is no i (U+0069) in font nullfont!
Missing character: There is no a (U+0061) in font nullfont!
Missing character: There is no A (U+0041) in font nullfont!
Missing character: There is no n (U+006E) in font nullfont!
Missing character: There is no g (U+0067) in font nullfont!
Missing character: There is no l (U+006C) in font nullfont!
Missing character: There is no i (U+0069) in font nullfont!
Missing character: There is no c (U+0063) in font nullfont!
Missing character: There is no a (U+0061) in font nullfont!
Missing character: There is no n (U+006E) in font nullfont!
Missing character: There is no a (U+0061) in font nullfont!
Missing character: There is no , (U+002C) in font nullfont!
Missing character: There is no L (U+004C) in font nullfont!
Missing character: There is no L (U+004C) in font nullfont!
Missing character: There is no C (U+0043) in font nullfont!
Missing character: There is no ) (U+0029) in font nullfont!
Missing character: There is no i (U+0069) in font nullfont!
Missing character: There is no s (U+0073) in font nullfont!
Missing character: There is no l (U+006C) in font nullfont!
Missing character: There is no i (U+0069) in font nullfont!
Missing character: There is no c (U+0063) in font nullfont!
Missing character: There is no e (U+0065) in font nullfont!
Missing character: There is no n (U+006E) in font nullfont!
Missing character: There is no s (U+0073) in font nullfont!
Missing character: There is no e (U+0065) in font nullfont!
Missing character: There is no d (U+0064) in font nullfont!
Missing character: There is no u (U+0075) in font nullfont!
Missing character: There is no n (U+006E) in font nullfont!
Missing character: There is no d (U+0064) in font nullfont!
Missing character: There is no e (U+0065) in font nullfont!
Missing character: There is no r (U+0072) in font nullfont!
Missing character: There is no C (U+0043) in font nullfont!
Missing character: There is no C (U+0043) in font nullfont!
Missing character: There is no B (U+0042) in font nullfont!
Missing character: There is no Y (U+0059) in font nullfont!
Missing character: There is no - (U+002D) in font nullfont!
Missing character: There is no S (U+0053) in font nullfont!
Missing character: There is no A (U+0041) in font nullfont!
Missing character: There is no 4 (U+0034) in font nullfont!
Missing character: There is no . (U+002E) in font nullfont!
Missing character: There is no 0 (U+0030) in font nullfont!
Missing character: There is no . (U+002E) in font nullfont!
Missing character: There is no T (U+0054) in font nullfont!
Missing character: There is no o (U+006F) in font nullfont!
Missing character: There is no v (U+0076) in font nullfont!
Missing character: There is no i (U+0069) in font nullfont!
Missing character: There is no e (U+0065) in font nullfont!
Missing character: There is no w (U+0077) in font nullfont!
Missing character: There is no a (U+0061) in font nullfont!
Missing character: There is no c (U+0063) in font nullfont!
Missing character: There is no o (U+006F) in font nullfont!
Missing character: There is no p (U+0070) in font nullfont!
Missing character: There is no y (U+0079) in font nullfont!
Missing character: There is no o (U+006F) in font nullfont!
Missing character: There is no f (U+0066) in font nullfont!
Missing character: There is no t (U+0074) in font nullfont!
Missing character: There is no h (U+0068) in font nullfont!
Missing character: There is no i (U+0069) in font nullfont!
Missing character: There is no s (U+0073) in font nullfont!
Missing character: There is no l (U+006C) in font nullfont!
Missing character: There is no i (U+0069) in font nullfont!
Missing character: There is no c (U+0063) in font nullfont!
Missing character: There is no e (U+0065) in font nullfont!
Missing character: There is no n (U+006E) in font nullfont!
Missing character: There is no s (U+0073) in font nullfont!
Missing character: There is no e (U+0065) in font nullfont!
Missing character: There is no , (U+002C) in font nullfont!
Missing character: There is no v (U+0076) in font nullfont!
Missing character: There is no i (U+0069) in font nullfont!
Missing character: There is no s (U+0073) in font nullfont!
Missing character: There is no i (U+0069) in font nullfont!
Missing character: There is no t (U+0074) in font nullfont!
Missing character: There is no h (U+0068) in font nullfont!
Missing character: There is no t (U+0074) in font nullfont!
Missing character: There is no t (U+0074) in font nullfont!
Missing character: There is no p (U+0070) in font nullfont!
Missing character: There is no s (U+0073) in font nullfont!
Missing character: There is no : (U+003A) in font nullfont!
Missing character: There is no / (U+002F) in font nullfont!
Missing character: There is no / (U+002F) in font nullfont!
Missing character: There is no c (U+0063) in font nullfont!
Missing character: There is no r (U+0072) in font nullfont!
Missing character: There is no e (U+0065) in font nullfont!
Missing character: There is no a (U+0061) in font nullfont!
Missing character: There is no t (U+0074) in font nullfont!
Missing character: There is no i (U+0069) in font nullfont!
Missing character: There is no v (U+0076) in font nullfont!
Missing character: There is no e (U+0065) in font nullfont!
Missing character: There is no c (U+0063) in font nullfont!
Missing character: There is no o (U+006F) in font nullfont!
Missing character: There is no m (U+006D) in font nullfont!
Missing character: There is no m (U+006D) in font nullfont!
Missing character: There is no o (U+006F) in font nullfont!
Missing character: There is no n (U+006E) in font nullfont!
Missing character: There is no s (U+0073) in font nullfont!
Missing character: There is no . (U+002E) in font nullfont!
Missing character: There is no o (U+006F) in font nullfont!
Missing character: There is no r (U+0072) in font nullfont!
Missing character: There is no g (U+0067) in font nullfont!
Missing character: There is no / (U+002F) in font nullfont!
Missing character: There is no l (U+006C) in font nullfont!
Missing character: There is no i (U+0069) in font nullfont!
Missing character: There is no c (U+0063) in font nullfont!
Missing character: There is no e (U+0065) in font nullfont!
Missing character: There is no n (U+006E) in font nullfont!
Missing character: There is no s (U+0073) in font nullfont!
Missing character: There is no e (U+0065) in font nullfont!
Missing character: There is no s (U+0073) in font nullfont!
Missing character: There is no / (U+002F) in font nullfont!
Missing character: There is no b (U+0062) in font nullfont!
Missing character: There is no y (U+0079) in font nullfont!
Missing character: There is no - (U+002D) in font nullfont!
Missing character: There is no s (U+0073) in font nullfont!
Missing character: There is no a (U+0061) in font nullfont!
Missing character: There is no / (U+002F) in font nullfont!
Missing character: There is no 4 (U+0034) in font nullfont!
Missing character: There is no . (U+002E) in font nullfont!
Missing character: There is no 0 (U+0030) in font nullfont!
Missing character: There is no / (U+002F) in font nullfont!
Missing character: There is no I (U+0049) in font nullfont!
Missing character: There is no S (U+0053) in font nullfont!
Missing character: There is no B (U+0042) in font nullfont!
Missing character: There is no N (U+004E) in font nullfont!
Missing character: There is no : (U+003A) in font nullfont!
Missing character: There is no 9 (U+0039) in font nullfont!
Missing character: There is no 7 (U+0037) in font nullfont!
Missing character: There is no 8 (U+0038) in font nullfont!
Missing character: There is no - (U+002D) in font nullfont!
Missing character: There is no 1 (U+0031) in font nullfont!
Missing character: There is no - (U+002D) in font nullfont!
Missing character: There is no 9 (U+0039) in font nullfont!
Missing character: There is no 6 (U+0036) in font nullfont!
Missing character: There is no 9 (U+0039) in font nullfont!
Missing character: There is no 4 (U+0034) in font nullfont!
Missing character: There is no 6 (U+0036) in font nullfont!
Missing character: There is no 1 (U+0031) in font nullfont!
Missing character: There is no - (U+002D) in font nullfont!
Missing character: There is no 1 (U+0031) in font nullfont!
Missing character: There is no 3 (U+0033) in font nullfont!
Missing character: There is no - (U+002D) in font nullfont!
Missing character: There is no 2 (U+0032) in font nullfont!
Missing character: There is no L (U+004C) in font nullfont!
Missing character: There is no i (U+0069) in font nullfont!
Missing character: There is no b (U+0062) in font nullfont!
Missing character: There is no r (U+0072) in font nullfont!
Missing character: There is no a (U+0061) in font nullfont!
Missing character: There is no r (U+0072) in font nullfont!
Missing character: There is no y (U+0079) in font nullfont!
Missing character: There is no o (U+006F) in font nullfont!
Missing character: There is no f (U+0066) in font nullfont!
Missing character: There is no C (U+0043) in font nullfont!
Missing character: There is no o (U+006F) in font nullfont!
Missing character: There is no n (U+006E) in font nullfont!
Missing character: There is no g (U+0067) in font nullfont!
Missing character: There is no r (U+0072) in font nullfont!
Missing character: There is no e (U+0065) in font nullfont!
Missing character: There is no s (U+0073) in font nullfont!
Missing character: There is no s (U+0073) in font nullfont!
Missing character: There is no C (U+0043) in font nullfont!
Missing character: There is no o (U+006F) in font nullfont!
Missing character: There is no n (U+006E) in font nullfont!
Missing character: There is no t (U+0074) in font nullfont!
Missing character: There is no r (U+0072) in font nullfont!
Missing character: There is no o (U+006F) in font nullfont!
Missing character: There is no l (U+006C) in font nullfont!
Missing character: There is no N (U+004E) in font nullfont!
Missing character: There is no u (U+0075) in font nullfont!
Missing character: There is no m (U+006D) in font nullfont!
Missing character: There is no b (U+0062) in font nullfont!
Missing character: There is no e (U+0065) in font nullfont!
Missing character: There is no r (U+0072) in font nullfont!
Missing character: There is no : (U+003A) in font nullfont!
Missing character: There is no T (U+0054) in font nullfont!
Missing character: There is no B (U+0042) in font nullfont!
Missing character: There is no A (U+0041) in font nullfont!
Missing character: There is no M (U+004D) in font nullfont!
Missing character: There is no r (U+0072) in font nullfont!
Missing character: There is no . (U+002E) in font nullfont!
Missing character: There is no J (U+004A) in font nullfont!
Missing character: There is no . (U+002E) in font nullfont!
Missing character: There is no P (U+0050) in font nullfont!
Missing character: There is no . (U+002E) in font nullfont!
Missing character: There is no A (U+0041) in font nullfont!
Missing character: There is no u (U+0075) in font nullfont!
Missing character: There is no g (U+0067) in font nullfont!
Missing character: There is no u (U+0075) in font nullfont!
Missing character: There is no s (U+0073) in font nullfont!
Missing character: There is no t (U+0074) in font nullfont!
Missing character: There is no i (U+0069) in font nullfont!
Missing character: There is no n (U+006E) in font nullfont!
Missing character: There is no e (U+0065) in font nullfont!
Missing character: There is no W (U+0057) in font nullfont!
Missing character: There is no a (U+0061) in font nullfont!
Missing character: There is no t (U+0074) in font nullfont!
Missing character: There is no s (U+0073) in font nullfont!
Missing character: There is no o (U+006F) in font nullfont!
Missing character: There is no n (U+006E) in font nullfont!
Missing character: There is no , (U+002C) in font nullfont!
Missing character: There is no M (U+004D) in font nullfont!
Missing character: There is no . (U+002E) in font nullfont!
Missing character: There is no S (U+0053) in font nullfont!
Missing character: There is no t (U+0074) in font nullfont!
Missing character: There is no . (U+002E) in font nullfont!
Missing character: There is no , (U+002C) in font nullfont!
Missing character: There is no M (U+004D) in font nullfont!
Missing character: There is no r (U+0072) in font nullfont!
Missing character: There is no . (U+002E) in font nullfont!
Missing character: There is no R (U+0052) in font nullfont!
Missing character: There is no y (U+0079) in font nullfont!
Missing character: There is no a (U+0061) in font nullfont!
Missing character: There is no n (U+006E) in font nullfont!
Missing character: There is no M (U+004D) in font nullfont!
Missing character: There is no a (U+0061) in font nullfont!
Missing character: There is no y (U+0079) in font nullfont!
Missing character: There is no , (U+002C) in font nullfont!
Missing character: There is no W (U+0057) in font nullfont!
Missing character: There is no e (U+0065) in font nullfont!
Missing character: There is no a (U+0061) in font nullfont!
Missing character: There is no r (U+0072) in font nullfont!
Missing character: There is no e (U+0065) in font nullfont!
Missing character: There is no t (U+0074) in font nullfont!
Missing character: There is no h (U+0068) in font nullfont!
Missing character: There is no a (U+0061) in font nullfont!
Missing character: There is no n (U+006E) in font nullfont!
Missing character: There is no k (U+006B) in font nullfont!
Missing character: There is no f (U+0066) in font nullfont!
Missing character: There is no u (U+0075) in font nullfont!
Missing character: There is no l (U+006C) in font nullfont!
Missing character: There is no t (U+0074) in font nullfont!
Missing character: There is no o (U+006F) in font nullfont!
Missing character: There is no h (U+0068) in font nullfont!
Missing character: There is no a (U+0061) in font nullfont!
Missing character: There is no v (U+0076) in font nullfont!
Missing character: There is no e (U+0065) in font nullfont!
Missing character: There is no s (U+0073) in font nullfont!
Missing character: There is no u (U+0075) in font nullfont!
Missing character: There is no c (U+0063) in font nullfont!
Missing character: There is no h (U+0068) in font nullfont!
Missing character: There is no g (U+0067) in font nullfont!
Missing character: There is no r (U+0072) in font nullfont!
Missing character: There is no e (U+0065) in font nullfont!
Missing character: There is no a (U+0061) in font nullfont!
Missing character: There is no t (U+0074) in font nullfont!
Missing character: There is no g (U+0067) in font nullfont!
Missing character: There is no i (U+0069) in font nullfont!
Missing character: There is no a (U+0061) in font nullfont!
Missing character: There is no n (U+006E) in font nullfont!
Missing character: There is no t (U+0074) in font nullfont!
Missing character: There is no s (U+0073) in font nullfont!
Missing character: There is no u (U+0075) in font nullfont!
Missing character: There is no p (U+0070) in font nullfont!
Missing character: There is no o (U+006F) in font nullfont!
Missing character: There is no n (U+006E) in font nullfont!
Missing character: There is no w (U+0077) in font nullfont!
Missing character: There is no h (U+0068) in font nullfont!
Missing character: There is no o (U+006F) in font nullfont!
Missing character: There is no s (U+0073) in font nullfont!
Missing character: There is no e (U+0065) in font nullfont!
Missing character: There is no s (U+0073) in font nullfont!
Missing character: There is no h (U+0068) in font nullfont!
Missing character: There is no o (U+006F) in font nullfont!
Missing character: There is no u (U+0075) in font nullfont!
Missing character: There is no l (U+006C) in font nullfont!
Missing character: There is no d (U+0064) in font nullfont!
Missing character: There is no e (U+0065) in font nullfont!
Missing character: There is no r (U+0072) in font nullfont!
Missing character: There is no s (U+0073) in font nullfont!
Missing character: There is no w (U+0077) in font nullfont!
Missing character: There is no e (U+0065) in font nullfont!
Missing character: There is no s (U+0073) in font nullfont!
Missing character: There is no t (U+0074) in font nullfont!
Missing character: There is no a (U+0061) in font nullfont!
Missing character: There is no n (U+006E) in font nullfont!
Missing character: There is no d (U+0064) in font nullfont!
Missing character: There is no . (U+002E) in font nullfont!
Missing character: There is no T (U+0054) in font nullfont!
Missing character: There is no h (U+0068) in font nullfont!
Missing character: There is no e (U+0065) in font nullfont!
Missing character: There is no s (U+0073) in font nullfont!
Missing character: There is no e (U+0065) in font nullfont!
Missing character: There is no w (U+0077) in font nullfont!
Missing character: There is no o (U+006F) in font nullfont!
Missing character: There is no r (U+0072) in font nullfont!
Missing character: There is no k (U+006B) in font nullfont!
Missing character: There is no s (U+0073) in font nullfont!
Missing character: There is no a (U+0061) in font nullfont!
Missing character: There is no r (U+0072) in font nullfont!
Missing character: There is no e (U+0065) in font nullfont!
Missing character: There is no u (U+0075) in font nullfont!
Missing character: There is no s (U+0073) in font nullfont!
Missing character: There is no e (U+0065) in font nullfont!
Missing character: There is no d (U+0064) in font nullfont!
Missing character: There is no i (U+0069) in font nullfont!
Missing character: There is no n (U+006E) in font nullfont!
Missing character: There is no t (U+0074) in font nullfont!
Missing character: There is no h (U+0068) in font nullfont!
Missing character: There is no i (U+0069) in font nullfont!
Missing character: There is no s (U+0073) in font nullfont!
Missing character: There is no B (U+0042) in font nullfont!
Missing character: There is no o (U+006F) in font nullfont!
Missing character: There is no o (U+006F) in font nullfont!
Missing character: There is no k (U+006B) in font nullfont!
Missing character: There is no a (U+0061) in font nullfont!
Missing character: There is no c (U+0063) in font nullfont!
Missing character: There is no c (U+0063) in font nullfont!
Missing character: There is no o (U+006F) in font nullfont!
Missing character: There is no r (U+0072) in font nullfont!
Missing character: There is no d (U+0064) in font nullfont!
Missing character: There is no i (U+0069) in font nullfont!
Missing character: There is no n (U+006E) in font nullfont!
Missing character: There is no g (U+0067) in font nullfont!
Missing character: There is no t (U+0074) in font nullfont!
Missing character: There is no o (U+006F) in font nullfont!
Missing character: There is no f (U+0066) in font nullfont!
Missing character: There is no a (U+0061) in font nullfont!
Missing character: There is no i (U+0069) in font nullfont!
Missing character: There is no r (U+0072) in font nullfont!
Missing character: There is no u (U+0075) in font nullfont!
Missing character: There is no s (U+0073) in font nullfont!
Missing character: There is no e (U+0065) in font nullfont!
Missing character: There is no , (U+002C) in font nullfont!
Missing character: There is no w (U+0077) in font nullfont!
Missing character: There is no h (U+0068) in font nullfont!
Missing character: There is no e (U+0065) in font nullfont!
Missing character: There is no r (U+0072) in font nullfont!
Missing character: There is no e (U+0065) in font nullfont!
Missing character: There is no t (U+0074) in font nullfont!
Missing character: There is no h (U+0068) in font nullfont!
Missing character: There is no e (U+0065) in font nullfont!
Missing character: There is no i (U+0069) in font nullfont!
Missing character: There is no r (U+0072) in font nullfont!
Missing character: There is no c (U+0063) in font nullfont!
Missing character: There is no o (U+006F) in font nullfont!
Missing character: There is no n (U+006E) in font nullfont!
Missing character: There is no t (U+0074) in font nullfont!
Missing character: There is no e (U+0065) in font nullfont!
Missing character: There is no n (U+006E) in font nullfont!
Missing character: There is no t (U+0074) in font nullfont!
Missing character: There is no i (U+0069) in font nullfont!
Missing character: There is no s (U+0073) in font nullfont!
Missing character: There is no n (U+006E) in font nullfont!
Missing character: There is no o (U+006F) in font nullfont!
Missing character: There is no t (U+0074) in font nullfont!
Missing character: There is no a (U+0061) in font nullfont!
Missing character: There is no l (U+006C) in font nullfont!
Missing character: There is no r (U+0072) in font nullfont!
Missing character: There is no e (U+0065) in font nullfont!
Missing character: There is no a (U+0061) in font nullfont!
Missing character: There is no d (U+0064) in font nullfont!
Missing character: There is no y (U+0079) in font nullfont!
Missing character: There is no i (U+0069) in font nullfont!
Missing character: There is no n (U+006E) in font nullfont!
Missing character: There is no t (U+0074) in font nullfont!
Missing character: There is no h (U+0068) in font nullfont!
Missing character: There is no e (U+0065) in font nullfont!
Missing character: There is no p (U+0070) in font nullfont!
Missing character: There is no u (U+0075) in font nullfont!
Missing character: There is no b (U+0062) in font nullfont!
Missing character: There is no l (U+006C) in font nullfont!
Missing character: There is no i (U+0069) in font nullfont!
Missing character: There is no c (U+0063) in font nullfont!
Missing character: There is no d (U+0064) in font nullfont!
Missing character: There is no o (U+006F) in font nullfont!
Missing character: There is no m (U+006D) in font nullfont!
Missing character: There is no a (U+0061) in font nullfont!
Missing character: There is no i (U+0069) in font nullfont!
Missing character: There is no n (U+006E) in font nullfont!
Missing character: There is no . (U+002E) in font nullfont!
Missing character: There is no W (U+0057) in font nullfont!
Missing character: There is no h (U+0068) in font nullfont!
Missing character: There is no a (U+0061) in font nullfont!
Missing character: There is no t (U+0074) in font nullfont!
Missing character: There is no w (U+0077) in font nullfont!
Missing character: There is no a (U+0061) in font nullfont!
Missing character: There is no s (U+0073) in font nullfont!
Missing character: There is no u (U+0075) in font nullfont!
Missing character: There is no s (U+0073) in font nullfont!
Missing character: There is no e (U+0065) in font nullfont!
Missing character: There is no d (U+0064) in font nullfont!
Missing character: There is no f (U+0066) in font nullfont!
Missing character: There is no r (U+0072) in font nullfont!
Missing character: There is no o (U+006F) in font nullfont!
Missing character: There is no m (U+006D) in font nullfont!
Missing character: There is no t (U+0074) in font nullfont!
Missing character: There is no h (U+0068) in font nullfont!
Missing character: There is no e (U+0065) in font nullfont!
Missing character: There is no b (U+0062) in font nullfont!
Missing character: There is no o (U+006F) in font nullfont!
Missing character: There is no o (U+006F) in font nullfont!
Missing character: There is no k (U+006B) in font nullfont!
Missing character: There is no , (U+002C) in font nullfont!
Missing character: There is no o (U+006F) in font nullfont!
Missing character: There is no r (U+0072) in font nullfont!
Missing character: There is no i (U+0069) in font nullfont!
Missing character: There is no n (U+006E) in font nullfont!
Missing character: There is no w (U+0077) in font nullfont!
Missing character: There is no h (U+0068) in font nullfont!
Missing character: There is no a (U+0061) in font nullfont!
Missing character: There is no t (U+0074) in font nullfont!
Missing character: There is no w (U+0077) in font nullfont!
Missing character: There is no a (U+0061) in font nullfont!
Missing character: There is no y (U+0079) in font nullfont!
Missing character: There is no i (U+0069) in font nullfont!
Missing character: There is no t (U+0074) in font nullfont!
Missing character: There is no w (U+0077) in font nullfont!
Missing character: There is no a (U+0061) in font nullfont!
Missing character: There is no s (U+0073) in font nullfont!
Missing character: There is no c (U+0063) in font nullfont!
Missing character: There is no o (U+006F) in font nullfont!
Missing character: There is no n (U+006E) in font nullfont!
Missing character: There is no s (U+0073) in font nullfont!
Missing character: There is no u (U+0075) in font nullfont!
Missing character: There is no l (U+006C) in font nullfont!
Missing character: There is no t (U+0074) in font nullfont!
Missing character: There is no e (U+0065) in font nullfont!
Missing character: There is no d (U+0064) in font nullfont!
Missing character: There is no , (U+002C) in font nullfont!
Missing character: There is no i (U+0069) in font nullfont!
Missing character: There is no s (U+0073) in font nullfont!
Missing character: There is no d (U+0064) in font nullfont!
Missing character: There is no e (U+0065) in font nullfont!
Missing character: There is no s (U+0073) in font nullfont!
Missing character: There is no c (U+0063) in font nullfont!
Missing character: There is no r (U+0072) in font nullfont!
Missing character: There is no i (U+0069) in font nullfont!
Missing character: There is no b (U+0062) in font nullfont!
Missing character: There is no e (U+0065) in font nullfont!
Missing character: There is no d (U+0064) in font nullfont!
Missing character: There is no u (U+0075) in font nullfont!
Missing character: There is no n (U+006E) in font nullfont!
Missing character: There is no d (U+0064) in font nullfont!
Missing character: There is no e (U+0065) in font nullfont!
Missing character: There is no r (U+0072) in font nullfont!
Missing character: There is no e (U+0065) in font nullfont!
Missing character: There is no a (U+0061) in font nullfont!
Missing character: There is no c (U+0063) in font nullfont!
Missing character: There is no h (U+0068) in font nullfont!
Missing character: There is no c (U+0063) in font nullfont!
Missing character: There is no i (U+0069) in font nullfont!
Missing character: There is no t (U+0074) in font nullfont!
Missing character: There is no a (U+0061) in font nullfont!
Missing character: There is no t (U+0074) in font nullfont!
Missing character: There is no i (U+0069) in font nullfont!
Missing character: There is no o (U+006F) in font nullfont!
Missing character: There is no n (U+006E) in font nullfont!
Missing character: There is no . (U+002E) in font nullfont!
Missing character: There is no D (U+0044) in font nullfont!
Missing character: There is no a (U+0061) in font nullfont!
Missing character: There is no v (U+0076) in font nullfont!
Missing character: There is no i (U+0069) in font nullfont!
Missing character: There is no s (U+0073) in font nullfont!
Missing character: There is no , (U+002C) in font nullfont!
Missing character: There is no C (U+0043) in font nullfont!
Missing character: There is no . (U+002E) in font nullfont!
Missing character: There is no L (U+004C) in font nullfont!
Missing character: There is no a (U+0061) in font nullfont!
Missing character: There is no n (U+006E) in font nullfont!
Missing character: There is no c (U+0063) in font nullfont!
Missing character: There is no e (U+0065) in font nullfont!
Missing character: There is no , (U+002C) in font nullfont!
Missing character: There is no e (U+0065) in font nullfont!
Missing character: There is no d (U+0064) in font nullfont!
Missing character: There is no . (U+002E) in font nullfont!
Missing character: There is no . (U+002E) in font nullfont!
Missing character: There is no 2 (U+0032) in font nullfont!
Missing character: There is no e (U+0065) in font nullfont!
Missing character: There is no d (U+0064) in font nullfont!
Missing character: There is no i (U+0069) in font nullfont!
Missing character: There is no t (U+0074) in font nullfont!
Missing character: There is no i (U+0069) in font nullfont!
Missing character: There is no o (U+006F) in font nullfont!
Missing character: There is no n (U+006E) in font nullfont!
Missing character: There is no . (U+002E) in font nullfont!
Missing character: There is no C (U+0043) in font nullfont!
Missing character: There is no h (U+0068) in font nullfont!
Missing character: There is no e (U+0065) in font nullfont!
Missing character: There is no s (U+0073) in font nullfont!
Missing character: There is no t (U+0074) in font nullfont!
Missing character: There is no e (U+0065) in font nullfont!
Missing character: There is no r (U+0072) in font nullfont!
Missing character: There is no : (U+003A) in font nullfont!
Missing character: There is no W (U+0057) in font nullfont!
Missing character: There is no h (U+0068) in font nullfont!
Missing character: There is no i (U+0069) in font nullfont!
Missing character: There is no t (U+0074) in font nullfont!
Missing character: There is no h (U+0068) in font nullfont!
Missing character: There is no o (U+006F) in font nullfont!
Missing character: There is no r (U+0072) in font nullfont!
Missing character: There is no n (U+006E) in font nullfont!
Missing character: There is no P (U+0050) in font nullfont!
Missing character: There is no r (U+0072) in font nullfont!
Missing character: There is no e (U+0065) in font nullfont!
Missing character: There is no s (U+0073) in font nullfont!
Missing character: There is no s (U+0073) in font nullfont!
Missing character: There is no , (U+002C) in font nullfont!
Missing character: There is no 2 (U+0032) in font nullfont!
Missing character: There is no 0 (U+0030) in font nullfont!
Missing character: There is no 2 (U+0032) in font nullfont!
Missing character: There is no 3 (U+0033) in font nullfont!
Missing character: There is no . (U+002E) in font nullfont!
Missing character: There is no . (U+002E) in font nullfont!
Missing character: There is no G (U+0047) in font nullfont!
Missing character: There is no l (U+006C) in font nullfont!
Missing character: There is no e (U+0065) in font nullfont!
Missing character: There is no n (U+006E) in font nullfont!
Missing character: There is no d (U+0064) in font nullfont!
Missing character: There is no a (U+0061) in font nullfont!
Missing character: There is no l (U+006C) in font nullfont!
Missing character: There is no e (U+0065) in font nullfont!
Missing character: There is no : (U+003A) in font nullfont!
Missing character: There is no L (U+004C) in font nullfont!
Missing character: There is no a (U+0061) in font nullfont!
Missing character: There is no n (U+006E) in font nullfont!
Missing character: There is no c (U+0063) in font nullfont!
Missing character: There is no e (U+0065) in font nullfont!
Missing character: There is no l (U+006C) in font nullfont!
Missing character: There is no o (U+006F) in font nullfont!
Missing character: There is no t (U+0074) in font nullfont!
Missing character: There is no A (U+0041) in font nullfont!
Missing character: There is no n (U+006E) in font nullfont!
Missing character: There is no d (U+0064) in font nullfont!
Missing character: There is no r (U+0072) in font nullfont!
Missing character: There is no e (U+0065) in font nullfont!
Missing character: There is no w (U+0077) in font nullfont!
Missing character: There is no e (U+0065) in font nullfont!
Missing character: There is no s (U+0073) in font nullfont!
Missing character: There is no P (U+0050) in font nullfont!
Missing character: There is no r (U+0072) in font nullfont!
Missing character: There is no e (U+0065) in font nullfont!
Missing character: There is no s (U+0073) in font nullfont!
Missing character: There is no s (U+0073) in font nullfont!
Missing character: There is no , (U+002C) in font nullfont!
Missing character: There is no 2 (U+0032) in font nullfont!
Missing character: There is no 0 (U+0030) in font nullfont!
Missing character: There is no 1 (U+0031) in font nullfont!
Missing character: There is no 0 (U+0030) in font nullfont!
Missing character: There is no . (U+002E) in font nullfont!
Missing character: There is no T (U+0054) in font nullfont!
Missing character: There is no h (U+0068) in font nullfont!
Missing character: There is no e (U+0065) in font nullfont!
Missing character: There is no A (U+0041) in font nullfont!
Missing character: There is no r (U+0072) in font nullfont!
Missing character: There is no m (U+006D) in font nullfont!
Missing character: There is no e (U+0065) in font nullfont!
Missing character: There is no d (U+0064) in font nullfont!
Missing character: There is no F (U+0046) in font nullfont!
Missing character: There is no o (U+006F) in font nullfont!
Missing character: There is no r (U+0072) in font nullfont!
Missing character: There is no c (U+0063) in font nullfont!
Missing character: There is no e (U+0065) in font nullfont!
Missing character: There is no s (U+0073) in font nullfont!
Missing character: There is no D (U+0044) in font nullfont!
Missing character: There is no i (U+0069) in font nullfont!
Missing character: There is no v (U+0076) in font nullfont!
Missing character: There is no i (U+0069) in font nullfont!
Missing character: There is no s (U+0073) in font nullfont!
Missing character: There is no i (U+0069) in font nullfont!
Missing character: There is no o (U+006F) in font nullfont!
Missing character: There is no n (U+006E) in font nullfont!
Missing character: There is no o (U+006F) in font nullfont!
Missing character: There is no f (U+0066) in font nullfont!
Missing character: There is no t (U+0074) in font nullfont!
Missing character: There is no h (U+0068) in font nullfont!
Missing character: There is no e (U+0065) in font nullfont!
Missing character: There is no P (U+0050) in font nullfont!
Missing character: There is no r (U+0072) in font nullfont!
Missing character: There is no o (U+006F) in font nullfont!
Missing character: There is no t (U+0074) in font nullfont!
Missing character: There is no e (U+0065) in font nullfont!
Missing character: There is no s (U+0073) in font nullfont!
Missing character: There is no t (U+0074) in font nullfont!
Missing character: There is no a (U+0061) in font nullfont!
Missing character: There is no n (U+006E) in font nullfont!
Missing character: There is no t (U+0074) in font nullfont!
Missing character: There is no E (U+0045) in font nullfont!
Missing character: There is no p (U+0070) in font nullfont!
Missing character: There is no i (U+0069) in font nullfont!
Missing character: There is no s (U+0073) in font nullfont!
Missing character: There is no c (U+0063) in font nullfont!
Missing character: There is no o (U+006F) in font nullfont!
Missing character: There is no p (U+0070) in font nullfont!
Missing character: There is no a (U+0061) in font nullfont!
Missing character: There is no l (U+006C) in font nullfont!
Missing character: There is no C (U+0043) in font nullfont!
Missing character: There is no h (U+0068) in font nullfont!
Missing character: There is no u (U+0075) in font nullfont!
Missing character: There is no r (U+0072) in font nullfont!
Missing character: There is no c (U+0063) in font nullfont!
Missing character: There is no h (U+0068) in font nullfont!
Missing character: There is no . (U+002E) in font nullfont!
Missing character: There is no . (U+002E) in font nullfont!
Missing character: There is no N (U+004E) in font nullfont!
Missing character: There is no e (U+0065) in font nullfont!
Missing character: There is no w (U+0077) in font nullfont!
Missing character: There is no Y (U+0059) in font nullfont!
Missing character: There is no o (U+006F) in font nullfont!
Missing character: There is no r (U+0072) in font nullfont!
Missing character: There is no k (U+006B) in font nullfont!
Missing character: There is no : (U+003A) in font nullfont!
Missing character: There is no T (U+0054) in font nullfont!
Missing character: There is no h (U+0068) in font nullfont!
Missing character: There is no e (U+0065) in font nullfont!
Missing character: There is no C (U+0043) in font nullfont!
Missing character: There is no h (U+0068) in font nullfont!
Missing character: There is no u (U+0075) in font nullfont!
Missing character: There is no r (U+0072) in font nullfont!
Missing character: There is no c (U+0063) in font nullfont!
Missing character: There is no h (U+0068) in font nullfont!
Missing character: There is no P (U+0050) in font nullfont!
Missing character: There is no e (U+0065) in font nullfont!
Missing character: There is no n (U+006E) in font nullfont!
Missing character: There is no s (U+0073) in font nullfont!
Missing character: There is no i (U+0069) in font nullfont!
Missing character: There is no o (U+006F) in font nullfont!
Missing character: There is no n (U+006E) in font nullfont!
Missing character: There is no F (U+0046) in font nullfont!
Missing character: There is no u (U+0075) in font nullfont!
Missing character: There is no n (U+006E) in font nullfont!
Missing character: There is no d (U+0064) in font nullfont!
Missing character: There is no , (U+002C) in font nullfont!
Missing character: There is no 1 (U+0031) in font nullfont!
Missing character: There is no 9 (U+0039) in font nullfont!
Missing character: There is no 5 (U+0035) in font nullfont!
Missing character: There is no 1 (U+0031) in font nullfont!
Missing character: There is no . (U+002E) in font nullfont!
Missing character: There is no . (U+002E) in font nullfont!
Missing character: There is no L (U+004C) in font nullfont!
Missing character: There is no o (U+006F) in font nullfont!
Missing character: There is no n (U+006E) in font nullfont!
Missing character: There is no d (U+0064) in font nullfont!
Missing character: There is no o (U+006F) in font nullfont!
Missing character: There is no n (U+006E) in font nullfont!
Missing character: There is no : (U+003A) in font nullfont!
Missing character: There is no W (U+0057) in font nullfont!
Missing character: There is no . (U+002E) in font nullfont!
Missing character: There is no K (U+004B) in font nullfont!
Missing character: There is no n (U+006E) in font nullfont!
Missing character: There is no o (U+006F) in font nullfont!
Missing character: There is no t (U+0074) in font nullfont!
Missing character: There is no t (U+0074) in font nullfont!
Missing character: There is no & (U+0026) in font nullfont!
Missing character: There is no S (U+0053) in font nullfont!
Missing character: There is no o (U+006F) in font nullfont!
Missing character: There is no n (U+006E) in font nullfont!
Missing character: There is no s (U+0073) in font nullfont!
Missing character: There is no L (U+004C) in font nullfont!
Missing character: There is no i (U+0069) in font nullfont!
Missing character: There is no m (U+006D) in font nullfont!
Missing character: There is no i (U+0069) in font nullfont!
Missing character: There is no t (U+0074) in font nullfont!
Missing character: There is no e (U+0065) in font nullfont!
Missing character: There is no d (U+0064) in font nullfont!
Missing character: There is no , (U+002C) in font nullfont!
Missing character: There is no 1 (U+0031) in font nullfont!
Missing character: There is no 9 (U+0039) in font nullfont!
Missing character: There is no 3 (U+0033) in font nullfont!
Missing character: There is no 3 (U+0033) in font nullfont!
Missing character: There is no . (U+002E) in font nullfont!
]

! LaTeX Error: Missing \begin{document}.

See the LaTeX manual or LaTeX Companion for explanation.
Type  H <return>  for immediate help.
 ...                                              
                                                  
l.31 T
      he General Synod of the Anglican Church of Canada. \textit{The Book of...
You're in trouble here.  Try typing  <return>  to proceed.
If that doesn't work, type  X <return>  to quit.

Missing character: There is no T (U+0054) in font nullfont!
Missing character: There is no h (U+0068) in font nullfont!
Missing character: There is no e (U+0065) in font nullfont!
Missing character: There is no T (U+0054) in font nullfont!
Missing character: There is no h (U+0068) in font nullfont!
Missing character: There is no e (U+0065) in font nullfont!
Missing character: There is no G (U+0047) in font nullfont!
Missing character: There is no e (U+0065) in font nullfont!
Missing character: There is no n (U+006E) in font nullfont!
Missing character: There is no e (U+0065) in font nullfont!
Missing character: There is no r (U+0072) in font nullfont!
Missing character: There is no a (U+0061) in font nullfont!
Missing character: There is no l (U+006C) in font nullfont!
Missing character: There is no S (U+0053) in font nullfont!
Missing character: There is no y (U+0079) in font nullfont!
Missing character: There is no n (U+006E) in font nullfont!
Missing character: There is no o (U+006F) in font nullfont!
Missing character: There is no d (U+0064) in font nullfont!
Missing character: There is no o (U+006F) in font nullfont!
Missing character: There is no f (U+0066) in font nullfont!
Missing character: There is no t (U+0074) in font nullfont!
Missing character: There is no h (U+0068) in font nullfont!
Missing character: There is no e (U+0065) in font nullfont!
Missing character: There is no A (U+0041) in font nullfont!
Missing character: There is no n (U+006E) in font nullfont!
Missing character: There is no g (U+0067) in font nullfont!
Missing character: There is no l (U+006C) in font nullfont!
Missing character: There is no i (U+0069) in font nullfont!
Missing character: There is no c (U+0063) in font nullfont!
Missing character: There is no a (U+0061) in font nullfont!
Missing character: There is no n (U+006E) in font nullfont!
Missing character: There is no C (U+0043) in font nullfont!
Missing character: There is no h (U+0068) in font nullfont!
Missing character: There is no u (U+0075) in font nullfont!
Missing character: There is no r (U+0072) in font nullfont!
Missing character: There is no c (U+0063) in font nullfont!
Missing character: There is no h (U+0068) in font nullfont!
Missing character: There is no o (U+006F) in font nullfont!
Missing character: There is no f (U+0066) in font nullfont!
Missing character: There is no C (U+0043) in font nullfont!
Missing character: There is no a (U+0061) in font nullfont!
Missing character: There is no n (U+006E) in font nullfont!
Missing character: There is no a (U+0061) in font nullfont!
Missing character: There is no d (U+0064) in font nullfont!
Missing character: There is no a (U+0061) in font nullfont!
Missing character: There is no . (U+002E) in font nullfont!
Missing character: There is no . (U+002E) in font nullfont!
Missing character: There is no T (U+0054) in font nullfont!
Missing character: There is no o (U+006F) in font nullfont!
Missing character: There is no r (U+0072) in font nullfont!
Missing character: There is no o (U+006F) in font nullfont!
Missing character: There is no n (U+006E) in font nullfont!
Missing character: There is no t (U+0074) in font nullfont!
Missing character: There is no o (U+006F) in font nullfont!
Missing character: There is no : (U+003A) in font nullfont!
Missing character: There is no A (U+0041) in font nullfont!
Missing character: There is no n (U+006E) in font nullfont!
Missing character: There is no g (U+0067) in font nullfont!
Missing character: There is no l (U+006C) in font nullfont!
Missing character: There is no i (U+0069) in font nullfont!
Missing character: There is no c (U+0063) in font nullfont!
Missing character: There is no a (U+0061) in font nullfont!
Missing character: There is no n (U+006E) in font nullfont!
Missing character: There is no B (U+0042) in font nullfont!
Missing character: There is no o (U+006F) in font nullfont!
Missing character: There is no o (U+006F) in font nullfont!
Missing character: There is no k (U+006B) in font nullfont!
Missing character: There is no C (U+0043) in font nullfont!
Missing character: There is no e (U+0065) in font nullfont!
Missing character: There is no n (U+006E) in font nullfont!
Missing character: There is no t (U+0074) in font nullfont!
Missing character: There is no r (U+0072) in font nullfont!
Missing character: There is no e (U+0065) in font nullfont!
Missing character: There is no , (U+002C) in font nullfont!
Missing character: There is no 1 (U+0031) in font nullfont!
Missing character: There is no 9 (U+0039) in font nullfont!
Missing character: There is no 6 (U+0036) in font nullfont!
Missing character: There is no 2 (U+0032) in font nullfont!
Missing character: There is no . (U+002E) in font nullfont!
Missing character: There is no T (U+0054) in font nullfont!
Missing character: There is no h (U+0068) in font nullfont!
Missing character: There is no e (U+0065) in font nullfont!

Overfull \hbox (20.0pt too wide) in paragraph at lines 31--31
[]The
 []

Missing character: There is no G (U+0047) in font nullfont!
Missing character: There is no e (U+0065) in font nullfont!
Missing character: There is no n (U+006E) in font nullfont!
Missing character: There is no e (U+0065) in font nullfont!
Missing character: There is no r (U+0072) in font nullfont!
Missing character: There is no a (U+0061) in font nullfont!
Missing character: There is no l (U+006C) in font nullfont!
Missing character: There is no S (U+0053) in font nullfont!
Missing character: There is no y (U+0079) in font nullfont!
Missing character: There is no n (U+006E) in font nullfont!
Missing character: There is no o (U+006F) in font nullfont!
Missing character: There is no d (U+0064) in font nullfont!
Missing character: There is no o (U+006F) in font nullfont!
Missing character: There is no f (U+0066) in font nullfont!
Missing character: There is no t (U+0074) in font nullfont!
Missing character: There is no h (U+0068) in font nullfont!
Missing character: There is no e (U+0065) in font nullfont!
Missing character: There is no A (U+0041) in font nullfont!
Missing character: There is no n (U+006E) in font nullfont!
Missing character: There is no g (U+0067) in font nullfont!
Missing character: There is no l (U+006C) in font nullfont!
Missing character: There is no i (U+0069) in font nullfont!
Missing character: There is no c (U+0063) in font nullfont!
Missing character: There is no a (U+0061) in font nullfont!
Missing character: There is no n (U+006E) in font nullfont!
Missing character: There is no C (U+0043) in font nullfont!
Missing character: There is no h (U+0068) in font nullfont!
Missing character: There is no u (U+0075) in font nullfont!
Missing character: There is no r (U+0072) in font nullfont!
Missing character: There is no c (U+0063) in font nullfont!
Missing character: There is no h (U+0068) in font nullfont!
Missing character: There is no o (U+006F) in font nullfont!
Missing character: There is no f (U+0066) in font nullfont!
Missing character: There is no C (U+0043) in font nullfont!
Missing character: There is no a (U+0061) in font nullfont!
Missing character: There is no n (U+006E) in font nullfont!
Missing character: There is no a (U+0061) in font nullfont!
Missing character: There is no d (U+0064) in font nullfont!
Missing character: There is no a (U+0061) in font nullfont!
Missing character: There is no . (U+002E) in font nullfont!

Overfull \hbox (16.87001pt too wide) in paragraph at lines 31--31
\TU/lmr/m/it/10 The
 []


Overfull \hbox (21.35pt too wide) in paragraph at lines 31--31
\TU/lmr/m/it/10 Book
 []


Overfull \hbox (8.18001pt too wide) in paragraph at lines 31--31
\TU/lmr/m/it/10 of
 []


Overfull \hbox (24.03pt too wide) in paragraph at lines 31--31
\TU/lmr/m/it/10 Com-
 []


Overfull \hbox (18.90999pt too wide) in paragraph at lines 31--31
\TU/lmr/m/it/10 mon
 []

Missing character: There is no . (U+002E) in font nullfont!

Overfull \hbox (29.28001pt too wide) in paragraph at lines 31--31
\TU/lmr/m/it/10 Prayer\nullfont .
 []

Missing character: There is no T (U+0054) in font nullfont!
Missing character: There is no o (U+006F) in font nullfont!
Missing character: There is no r (U+0072) in font nullfont!
Missing character: There is no o (U+006F) in font nullfont!
Missing character: There is no n (U+006E) in font nullfont!
Missing character: There is no t (U+0074) in font nullfont!
Missing character: There is no o (U+006F) in font nullfont!
Missing character: There is no : (U+003A) in font nullfont!
Missing character: There is no A (U+0041) in font nullfont!
Missing character: There is no n (U+006E) in font nullfont!
Missing character: There is no g (U+0067) in font nullfont!
Missing character: There is no l (U+006C) in font nullfont!
Missing character: There is no i (U+0069) in font nullfont!
Missing character: There is no c (U+0063) in font nullfont!
Missing character: There is no a (U+0061) in font nullfont!
Missing character: There is no n (U+006E) in font nullfont!
Missing character: There is no B (U+0042) in font nullfont!
Missing character: There is no o (U+006F) in font nullfont!
Missing character: There is no o (U+006F) in font nullfont!
Missing character: There is no k (U+006B) in font nullfont!
Missing character: There is no C (U+0043) in font nullfont!
Missing character: There is no e (U+0065) in font nullfont!
Missing character: There is no n (U+006E) in font nullfont!
Missing character: There is no t (U+0074) in font nullfont!
Missing character: There is no r (U+0072) in font nullfont!
Missing character: There is no e (U+0065) in font nullfont!
Missing character: There is no , (U+002C) in font nullfont!
Missing character: There is no 1 (U+0031) in font nullfont!
Missing character: There is no 9 (U+0039) in font nullfont!
Missing character: There is no 6 (U+0036) in font nullfont!
Missing character: There is no 2 (U+0032) in font nullfont!
Missing character: There is no . (U+002E) in font nullfont!

! LaTeX Error: Missing \begin{document}.

See the LaTeX manual or LaTeX Companion for explanation.
Type  H <return>  for immediate help.
 ...                                              
                                                  
l.31 ...: Anglican Book Centre, 1962.\par\noindent
                                                  
You're in trouble here.  Try typing  <return>  to proceed.
If that doesn't work, type  X <return>  to quit.


Overfull \hbox (16.87001pt too wide) in paragraph at lines 31--33
\TU/lmr/m/it/10 The
 []


Overfull \hbox (13.06pt too wide) in paragraph at lines 31--33
\TU/lmr/m/it/10 In-
 []


Overfull \hbox (11.25002pt too wide) in paragraph at lines 31--33
\TU/lmr/m/it/10 vi-
 []


Overfull \hbox (12.01001pt too wide) in paragraph at lines 31--33
\TU/lmr/m/it/10 ta-
 []


Overfull \hbox (17.51001pt too wide) in paragraph at lines 31--33
\TU/lmr/m/it/10 tory
 []


Overfull \hbox (16.12pt too wide) in paragraph at lines 31--33
\TU/lmr/m/it/10 An-
 []


Overfull \hbox (27.34001pt too wide) in paragraph at lines 31--33
\TU/lmr/m/it/10 tiphon
 []


Overfull \hbox (12.40001pt too wide) in paragraph at lines 31--33
\TU/lmr/m/it/10 for
 []


Overfull \hbox (22.37003pt too wide) in paragraph at lines 31--33
\TU/lmr/m/it/10 Lent. 
 []


! LaTeX Error: Missing \begin{document}.

See the LaTeX manual or LaTeX Companion for explanation.
Type  H <return>  for immediate help.
 ...                                              
                                                  
l.34 \textit{The Monastic Diurnal}
                                  . Oxford University Press, 1932.\par\noindent

You're in trouble here.  Try typing  <return>  to proceed.
If that doesn't work, type  X <return>  to quit.

Missing character: There is no . (U+002E) in font nullfont!
Missing character: There is no O (U+004F) in font nullfont!
Missing character: There is no x (U+0078) in font nullfont!
Missing character: There is no f (U+0066) in font nullfont!
Missing character: There is no o (U+006F) in font nullfont!
Missing character: There is no r (U+0072) in font nullfont!
Missing character: There is no d (U+0064) in font nullfont!
Missing character: There is no U (U+0055) in font nullfont!
Missing character: There is no n (U+006E) in font nullfont!
Missing character: There is no i (U+0069) in font nullfont!
Missing character: There is no v (U+0076) in font nullfont!
Missing character: There is no e (U+0065) in font nullfont!
Missing character: There is no r (U+0072) in font nullfont!
Missing character: There is no s (U+0073) in font nullfont!
Missing character: There is no i (U+0069) in font nullfont!
Missing character: There is no t (U+0074) in font nullfont!
Missing character: There is no y (U+0079) in font nullfont!
Missing character: There is no P (U+0050) in font nullfont!
Missing character: There is no r (U+0072) in font nullfont!
Missing character: There is no e (U+0065) in font nullfont!
Missing character: There is no s (U+0073) in font nullfont!
Missing character: There is no s (U+0073) in font nullfont!
Missing character: There is no , (U+002C) in font nullfont!
Missing character: There is no 1 (U+0031) in font nullfont!
Missing character: There is no 9 (U+0039) in font nullfont!
Missing character: There is no 3 (U+0033) in font nullfont!
Missing character: There is no 2 (U+0032) in font nullfont!
Missing character: There is no . (U+002E) in font nullfont!

Overfull \hbox (36.87001pt too wide) in paragraph at lines 34--34
[]\TU/lmr/m/it/10 The
 []


Overfull \hbox (32.48pt too wide) in paragraph at lines 34--34
\TU/lmr/m/it/10 Monas-
 []


Overfull \hbox (10.99002pt too wide) in paragraph at lines 34--34
\TU/lmr/m/it/10 tic
 []


Overfull \hbox (14.20001pt too wide) in paragraph at lines 34--34
\TU/lmr/m/it/10 Di-
 []


Overfull \hbox (13.17pt too wide) in paragraph at lines 34--34
\TU/lmr/m/it/10 ur-
 []

Missing character: There is no . (U+002E) in font nullfont!

Overfull \hbox (13.29pt too wide) in paragraph at lines 34--34
\TU/lmr/m/it/10 nal\nullfont .
 []

Missing character: There is no O (U+004F) in font nullfont!
Missing character: There is no x (U+0078) in font nullfont!
Missing character: There is no f (U+0066) in font nullfont!
Missing character: There is no o (U+006F) in font nullfont!
Missing character: There is no r (U+0072) in font nullfont!
Missing character: There is no d (U+0064) in font nullfont!
Missing character: There is no U (U+0055) in font nullfont!
Missing character: There is no n (U+006E) in font nullfont!
Missing character: There is no i (U+0069) in font nullfont!
Missing character: There is no v (U+0076) in font nullfont!
Missing character: There is no e (U+0065) in font nullfont!
Missing character: There is no r (U+0072) in font nullfont!
Missing character: There is no s (U+0073) in font nullfont!
Missing character: There is no i (U+0069) in font nullfont!
Missing character: There is no t (U+0074) in font nullfont!
Missing character: There is no y (U+0079) in font nullfont!
Missing character: There is no P (U+0050) in font nullfont!
Missing character: There is no r (U+0072) in font nullfont!
Missing character: There is no e (U+0065) in font nullfont!
Missing character: There is no s (U+0073) in font nullfont!
Missing character: There is no s (U+0073) in font nullfont!
Missing character: There is no , (U+002C) in font nullfont!
Missing character: There is no 1 (U+0031) in font nullfont!
Missing character: There is no 9 (U+0039) in font nullfont!
Missing character: There is no 3 (U+0033) in font nullfont!
Missing character: There is no 2 (U+0032) in font nullfont!
Missing character: There is no . (U+002E) in font nullfont!

! LaTeX Error: Missing \begin{document}.

See the LaTeX manual or LaTeX Companion for explanation.
Type  H <return>  for immediate help.
 ...                                              
                                                  
l.34 ...xford University Press, 1932.\par\noindent
                                                  
You're in trouble here.  Try typing  <return>  to proceed.
If that doesn't work, type  X <return>  to quit.


Overfull \hbox (14.32pt too wide) in paragraph at lines 34--36
\TU/lmr/m/it/10 Of-
 []


Overfull \hbox (14.31001pt too wide) in paragraph at lines 34--36
\TU/lmr/m/it/10 fice
 []


Overfull \hbox (36.05002pt too wide) in paragraph at lines 34--36
\TU/lmr/m/it/10 Rubrics.
 []


Overfull \hbox (25.69pt too wide) in paragraph at lines 34--36
\TU/lmr/m/it/10 Rank-
 []


Overfull \hbox (13.29001pt too wide) in paragraph at lines 34--36
\TU/lmr/m/it/10 ing
 []


Overfull \hbox (8.18001pt too wide) in paragraph at lines 34--36
\TU/lmr/m/it/10 of
 []


Overfull \hbox (22.37001pt too wide) in paragraph at lines 34--36
\TU/lmr/m/it/10 Feast
 []


Overfull \hbox (24.68001pt too wide) in paragraph at lines 34--36
\TU/lmr/m/it/10 Days.
 []


Overfull \hbox (21.88pt too wide) in paragraph at lines 34--36
\TU/lmr/m/it/10 Mar-
 []


Overfull \hbox (13.8pt too wide) in paragraph at lines 34--36
\TU/lmr/m/it/10 ian
 []


Overfull \hbox (16.12pt too wide) in paragraph at lines 34--36
\TU/lmr/m/it/10 An-
 []


Overfull \hbox (28.37001pt too wide) in paragraph at lines 34--36
\TU/lmr/m/it/10 thems.
 []


Overfull \hbox (14.32pt too wide) in paragraph at lines 34--36
\TU/lmr/m/it/10 Of-
 []


Overfull \hbox (14.31001pt too wide) in paragraph at lines 34--36
\TU/lmr/m/it/10 fice
 []


Overfull \hbox (8.18001pt too wide) in paragraph at lines 34--36
\TU/lmr/m/it/10 of
 []


Overfull \hbox (13.03001pt too wide) in paragraph at lines 34--36
\TU/lmr/m/it/10 the
 []


Overfull \hbox (24.93002pt too wide) in paragraph at lines 34--36
\TU/lmr/m/it/10 Dead.
 []


Overfull \hbox (27.73001pt too wide) in paragraph at lines 34--36
\TU/lmr/m/it/10 Sacra-
 []


Overfull \hbox (21.72pt too wide) in paragraph at lines 34--36
\TU/lmr/m/it/10 ment
 []


Overfull \hbox (8.18001pt too wide) in paragraph at lines 34--36
\TU/lmr/m/it/10 of
 []


Overfull \hbox (39.49002pt too wide) in paragraph at lines 34--36
\TU/lmr/m/it/10 Penance.
 []


Overfull \hbox (28.38002pt too wide) in paragraph at lines 34--36
\TU/lmr/m/it/10 Prepa-
 []


Overfull \hbox (12.40001pt too wide) in paragraph at lines 34--36
\TU/lmr/m/it/10 ra-
 []


Overfull \hbox (17.12001pt too wide) in paragraph at lines 34--36
\TU/lmr/m/it/10 tion
 []


Overfull \hbox (12.40001pt too wide) in paragraph at lines 34--36
\TU/lmr/m/it/10 for
 []


Overfull \hbox (19.95999pt too wide) in paragraph at lines 34--36
\TU/lmr/m/it/10 Holy
 []


Overfull \hbox (24.03pt too wide) in paragraph at lines 34--36
\TU/lmr/m/it/10 Com-
 []


Overfull \hbox (17.12999pt too wide) in paragraph at lines 34--36
\TU/lmr/m/it/10 mu-
 []


Overfull \hbox (22.49pt too wide) in paragraph at lines 34--36
\TU/lmr/m/it/10 nion. 
 []


! LaTeX Error: The font size command \normalsize is not defined:
               there is probably something wrong with the class file.

See the LaTeX manual or LaTeX Companion for explanation.
Type  H <return>  for immediate help.
 ...                                              
                                                  
l.38 \clearpage
               
Your command was ignored.
Type  I <command> <return>  to replace it with another command,
or  <return>  to continue without it.

[2
Missing character: There is no T (U+0054) in font nullfont!
Missing character: There is no h (U+0068) in font nullfont!
Missing character: There is no e (U+0065) in font nullfont!
Missing character: There is no G (U+0047) in font nullfont!
Missing character: There is no e (U+0065) in font nullfont!
Missing character: There is no n (U+006E) in font nullfont!
Missing character: There is no e (U+0065) in font nullfont!
Missing character: There is no r (U+0072) in font nullfont!
Missing character: There is no a (U+0061) in font nullfont!
Missing character: There is no l (U+006C) in font nullfont!
Missing character: There is no S (U+0053) in font nullfont!
Missing character: There is no y (U+0079) in font nullfont!
Missing character: There is no n (U+006E) in font nullfont!
Missing character: There is no o (U+006F) in font nullfont!
Missing character: There is no d (U+0064) in font nullfont!
Missing character: There is no o (U+006F) in font nullfont!
Missing character: There is no f (U+0066) in font nullfont!
Missing character: There is no t (U+0074) in font nullfont!
Missing character: There is no h (U+0068) in font nullfont!
Missing character: There is no e (U+0065) in font nullfont!
Missing character: There is no A (U+0041) in font nullfont!
Missing character: There is no n (U+006E) in font nullfont!
Missing character: There is no g (U+0067) in font nullfont!
Missing character: There is no l (U+006C) in font nullfont!
Missing character: There is no i (U+0069) in font nullfont!
Missing character: There is no c (U+0063) in font nullfont!
Missing character: There is no a (U+0061) in font nullfont!
Missing character: There is no n (U+006E) in font nullfont!
Missing character: There is no C (U+0043) in font nullfont!
Missing character: There is no h (U+0068) in font nullfont!
Missing character: There is no u (U+0075) in font nullfont!
Missing character: There is no r (U+0072) in font nullfont!
Missing character: There is no c (U+0063) in font nullfont!
Missing character: There is no h (U+0068) in font nullfont!
Missing character: There is no o (U+006F) in font nullfont!
Missing character: There is no f (U+0066) in font nullfont!
Missing character: There is no C (U+0043) in font nullfont!
Missing character: There is no a (U+0061) in font nullfont!
Missing character: There is no n (U+006E) in font nullfont!
Missing character: There is no a (U+0061) in font nullfont!
Missing character: There is no d (U+0064) in font nullfont!
Missing character: There is no a (U+0061) in font nullfont!
Missing character: There is no . (U+002E) in font nullfont!
Missing character: There is no . (U+002E) in font nullfont!
Missing character: There is no T (U+0054) in font nullfont!
Missing character: There is no o (U+006F) in font nullfont!
Missing character: There is no r (U+0072) in font nullfont!
Missing character: There is no o (U+006F) in font nullfont!
Missing character: There is no n (U+006E) in font nullfont!
Missing character: There is no t (U+0074) in font nullfont!
Missing character: There is no o (U+006F) in font nullfont!
Missing character: There is no : (U+003A) in font nullfont!
Missing character: There is no A (U+0041) in font nullfont!
Missing character: There is no n (U+006E) in font nullfont!
Missing character: There is no g (U+0067) in font nullfont!
Missing character: There is no l (U+006C) in font nullfont!
Missing character: There is no i (U+0069) in font nullfont!
Missing character: There is no c (U+0063) in font nullfont!
Missing character: There is no a (U+0061) in font nullfont!
Missing character: There is no n (U+006E) in font nullfont!
Missing character: There is no B (U+0042) in font nullfont!
Missing character: There is no o (U+006F) in font nullfont!
Missing character: There is no o (U+006F) in font nullfont!
Missing character: There is no k (U+006B) in font nullfont!
Missing character: There is no C (U+0043) in font nullfont!
Missing character: There is no e (U+0065) in font nullfont!
Missing character: There is no n (U+006E) in font nullfont!
Missing character: There is no t (U+0074) in font nullfont!
Missing character: There is no r (U+0072) in font nullfont!
Missing character: There is no e (U+0065) in font nullfont!
Missing character: There is no , (U+002C) in font nullfont!
Missing character: There is no 1 (U+0031) in font nullfont!
Missing character: There is no 9 (U+0039) in font nullfont!
Missing character: There is no 6 (U+0036) in font nullfont!
Missing character: There is no 2 (U+0032) in font nullfont!
Missing character: There is no . (U+002E) in font nullfont!
Missing character: There is no . (U+002E) in font nullfont!
Missing character: There is no O (U+004F) in font nullfont!
Missing character: There is no x (U+0078) in font nullfont!
Missing character: There is no f (U+0066) in font nullfont!
Missing character: There is no o (U+006F) in font nullfont!
Missing character: There is no r (U+0072) in font nullfont!
Missing character: There is no d (U+0064) in font nullfont!
Missing character: There is no U (U+0055) in font nullfont!
Missing character: There is no n (U+006E) in font nullfont!
Missing character: There is no i (U+0069) in font nullfont!
Missing character: There is no v (U+0076) in font nullfont!
Missing character: There is no e (U+0065) in font nullfont!
Missing character: There is no r (U+0072) in font nullfont!
Missing character: There is no s (U+0073) in font nullfont!
Missing character: There is no i (U+0069) in font nullfont!
Missing character: There is no t (U+0074) in font nullfont!
Missing character: There is no y (U+0079) in font nullfont!
Missing character: There is no P (U+0050) in font nullfont!
Missing character: There is no r (U+0072) in font nullfont!
Missing character: There is no e (U+0065) in font nullfont!
Missing character: There is no s (U+0073) in font nullfont!
Missing character: There is no s (U+0073) in font nullfont!
Missing character: There is no , (U+002C) in font nullfont!
Missing character: There is no 1 (U+0031) in font nullfont!
Missing character: There is no 9 (U+0039) in font nullfont!
Missing character: There is no 3 (U+0033) in font nullfont!
Missing character: There is no 2 (U+0032) in font nullfont!
Missing character: There is no . (U+002E) in font nullfont!
])
! Emergency stop.
<*> Copyright.tex
                 
*** (job aborted, no legal \end found)



Here is how much of LuaTeX's memory you used:
 27 strings out of 475635
 100000,662416 words of node,token memory allocated 308 words of node memory still in use:
   1 hlist, 1 dir, 3 kern, 1 glyph, 2 attribute, 39 glue_spec, 2 attribute_list,
 1 write nodes
   avail lists: 2:137,3:187,4:51,5:113,6:28,7:3525,8:3,9:381,10:50,11:101
 23017 multiletter control sequences out of 65536+600000
 27 fonts using 1539423 bytes
 23i,5n,24p,332b,135s stack positions out of 10000i,1000n,20000p,200000b,200000s
!  ==> Fatal error occurred, no output PDF file produced!
